id,target
0,3
1,16
2,11
3,7
4,7
5,7
6,7
7,13
8,12
9,4
10,7
11,12
12,13
13,10
14,12
15,12
16,7
17,14
18,14
19,8
20,8
21,16
22,8
23,1
24,12
25,8
26,14
27,13
28,8
29,10
30,17
31,7
32,11
33,0
34,17
35,8
36,8
37,6
38,12
39,1
40,12
41,9
42,6
43,8
44,3
45,13
46,17
47,4
48,1
49,13
50,11
51,17
52,7
53,8
54,13
55,5
56,15
57,10
58,12
59,10
60,12
61,4
62,1
63,7
64,7
65,10
66,12
67,17
68,10
69,15
70,14
71,10
72,13
73,17
74,13
75,3
76,7
77,17
78,12
79,13
80,12
81,1
82,10
83,1
84,9
85,15
86,13
87,4
88,4
89,11
90,16
91,16
92,8
93,6
94,7
95,4
96,8
97,3
98,18
99,0
100,3
101,4
102,6
103,10
104,5
105,4
106,12
107,1
108,13
109,8
110,3
111,6
112,5
113,12
114,4
115,11
116,0
117,1
118,13
119,8
120,7
121,12
122,5
123,2
124,15
125,0
126,0
127,12
128,8
129,8
130,13
131,9
132,13
133,2
134,1
135,2
136,12
137,13
138,5
139,12
140,7
141,8
142,0
143,13
144,14
145,13
146,14
147,6
148,13
149,13
150,10
151,0
152,11
153,6
154,7
155,4
156,10
157,11
158,1
159,10
160,12
161,16
162,12
163,6
164,8
165,17
166,0
167,0
168,10
169,12
170,17
171,14
172,12
173,3
174,13
175,8
176,11
177,17
178,8
179,13
180,4
181,13
182,8
183,12
184,12
185,13
186,7
187,4
188,1
189,5
190,12
191,12
192,9
193,9
194,12
195,12
196,4
197,13
198,7
199,6
200,12
201,16
202,6
203,8
204,7
205,6
206,17
207,4
208,13
209,7
210,5
211,13
212,8
213,8
214,13
215,12
216,18
217,14
218,16
219,5
220,4
221,2
222,7
223,6
224,12
225,8
226,17
227,17
228,4
229,10
230,1
231,15
232,8
233,17
234,13
235,6
236,11
237,13
238,12
239,0
240,11
241,7
242,3
243,10
244,7
245,17
246,4
247,6
248,13
249,14
250,8
251,9
252,4
253,12
254,15
255,4
256,1
257,4
258,7
259,10
260,0
261,17
262,17
263,18
264,0
265,4
266,14
267,16
268,3
269,16
270,7
271,11
272,10
273,5
274,4
275,7
276,4
277,18
278,14
279,12
280,13
281,4
282,18
283,14
284,10
285,17
286,8
287,1
288,0
289,1
290,12
291,12
292,7
293,4
294,10
295,0
296,17
297,8
298,8
299,15
300,10
301,9
302,1
303,8
304,15
305,0
306,10
307,7
308,11
309,18
310,14
311,0
312,13
313,17
314,6
315,7
316,7
317,1
318,14
319,0
320,13
321,8
322,10
323,7
324,7
325,0
326,5
327,1
328,5
329,4
330,10
331,12
332,13
333,8
334,12
335,8
336,6
337,7
338,4
339,3
340,9
341,11
342,15
343,14
344,11
345,5
346,14
347,11
348,7
349,13
350,9
351,15
352,1
353,15
354,5
355,1
356,8
357,14
358,17
359,3
360,12
361,1
362,12
363,15
364,14
365,3
366,8
367,14
368,14
369,15
370,10
371,12
372,6
373,17
374,17
375,7
376,10
377,18
378,8
379,12
380,4
381,12
382,13
383,4
384,3
385,14
386,2
387,3
388,17
389,5
390,15
391,4
392,7
393,14
394,7
395,12
396,1
397,14
398,9
399,15
400,5
401,14
402,8
403,14
404,10
405,17
406,11
407,2
408,10
409,16
410,8
411,14
412,9
413,2
414,7
415,14
416,8
417,4
418,17
419,12
420,10
421,8
422,11
423,7
424,15
425,8
426,7
427,8
428,9
429,13
430,13
431,2
432,12
433,2
434,12
435,7
436,9
437,9
438,12
439,15
440,4
441,14
442,11
443,4
444,1
445,15
446,15
447,12
448,11
449,10
450,15
451,8
452,5
453,16
454,11
455,4
456,16
457,12
458,18
459,14
460,18
461,7
462,7
463,12
464,6
465,13
466,9
467,14
468,17
469,12
470,4
471,12
472,17
473,10
474,17
475,12
476,1
477,14
478,12
479,4
480,7
481,4
482,13
483,11
484,10
485,6
486,14
487,0
488,8
489,7
490,10
491,7
492,10
493,14
494,10
495,0
496,4
497,9
498,17
499,14
500,16
501,6
502,12
503,4
504,12
505,15
506,13
507,17
508,4
509,1
510,8
511,13
512,8
513,9
514,12
515,14
516,10
517,5
518,13
519,17
520,14
521,13
522,12
523,14
524,8
525,5
526,3
527,15
528,0
529,9
530,4
531,1
532,13
533,12
534,15
535,5
536,5
537,1
538,1
539,12
540,12
541,18
542,3
543,6
544,1
545,12
546,14
547,14
548,13
549,15
550,7
551,8
552,13
553,14
554,4
555,4
556,13
557,7
558,11
559,13
560,0
561,13
562,7
563,17
564,14
565,4
566,10
567,13
568,8
569,8
570,15
571,8
572,4
573,8
574,11
575,11
576,8
577,14
578,6
579,17
580,0
581,12
582,12
583,11
584,8
585,1
586,7
587,4
588,7
589,8
590,14
591,10
592,4
593,5
594,9
595,14
596,7
597,7
598,1
599,8
600,13
601,4
602,9
603,8
604,4
605,11
606,3
607,4
608,8
609,12
610,8
611,9
612,17
613,18
614,14
615,14
616,11
617,10
618,1
619,1
620,18
621,12
622,12
623,13
624,8
625,8
626,18
627,10
628,3
629,8
630,14
631,12
632,4
633,6
634,8
635,7
636,13
637,16
638,13
639,11
640,7
641,14
642,13
643,5
644,12
645,9
646,10
647,9
648,7
649,1
650,4
651,14
652,12
653,5
654,10
655,6
656,4
657,8
658,1
659,5
660,13
661,4
662,9
663,9
664,17
665,4
666,16
667,14
668,10
669,12
670,15
671,6
672,13
673,7
674,17
675,17
676,11
677,9
678,9
679,9
680,3
681,6
682,12
683,14
684,14
685,7
686,13
687,12
688,15
689,9
690,9
691,8
692,8
693,0
694,9
695,14
696,11
697,9
698,1
699,4
700,17
701,6
702,13
703,13
704,13
705,13
706,18
707,8
708,9
709,12
710,6
711,6
712,12
713,4
714,11
715,7
716,12
717,9
718,6
719,12
720,16
721,8
722,18
723,6
724,7
725,5
726,14
727,16
728,14
729,4
730,0
731,15
732,1
733,14
734,4
735,14
736,15
737,6
738,13
739,11
740,0
741,7
742,7
743,10
744,13
745,13
746,15
747,1
748,16
749,0
750,7
751,17
752,13
753,3
754,1
755,11
756,8
757,12
758,12
759,12
760,1
761,8
762,15
763,2
764,1
765,1
766,14
767,4
768,8
769,7
770,4
771,16
772,13
773,12
774,0
775,13
776,12
777,10
778,16
779,0
780,17
781,7
782,13
783,10
784,14
785,12
786,8
787,8
788,1
789,14
790,11
791,13
792,6
793,5
794,6
795,7
796,2
797,15
798,14
799,12
800,4
801,4
802,4
803,13
804,12
805,12
806,17
807,3
808,1
809,13
810,9
811,9
812,4
813,13
814,11
815,13
816,17
817,18
818,14
819,18
820,7
821,1
822,4
823,4
824,11
825,7
826,5
827,5
828,17
829,3
830,13
831,17
832,10
833,14
834,1
835,8
836,1
837,8
838,0
839,10
840,9
841,8
842,16
843,12
844,14
845,1
846,10
847,0
848,9
849,8
850,0
851,1
852,13
853,14
854,0
855,12
856,12
857,5
858,8
859,1
860,16
861,17
862,13
863,8
864,0
865,16
866,14
867,15
868,4
869,12
870,10
871,6
872,12
873,5
874,8
875,13
876,6
877,12
878,10
879,11
880,1
881,14
882,8
883,4
884,8
885,16
886,12
887,12
888,7
889,17
890,16
891,1
892,12
893,1
894,4
895,0
896,9
897,8
898,6
899,15
900,12
901,8
902,4
903,4
904,15
905,5
906,14
907,4
908,17
909,5
910,5
911,13
912,1
913,14
914,16
915,7
916,5
917,8
918,10
919,7
920,17
921,8
922,4
923,1
924,16
925,6
926,13
927,8
928,12
929,12
930,0
931,4
932,12
933,14
934,4
935,14
936,18
937,6
938,10
939,6
940,15
941,7
942,16
943,5
944,14
945,4
946,17
947,12
948,5
949,0
950,4
951,4
952,7
953,8
954,14
955,16
956,15
957,12
958,7
959,6
960,8
961,12
962,1
963,9
964,10
965,1
966,9
967,7
968,9
969,13
970,4
971,10
972,11
973,16
974,15
975,13
976,17
977,8
978,4
979,13
980,13
981,4
982,18
983,17
984,7
985,11
986,5
987,7
988,10
989,13
990,10
991,10
992,16
993,9
994,9
995,9
996,16
997,1
998,12
999,8
1000,16
1001,8
1002,7
1003,4
1004,1
1005,17
1006,9
1007,12
1008,7
1009,9
1010,13
1011,0
1012,15
1013,11
1014,11
1015,12
1016,18
1017,8
1018,12
1019,14
1020,18
1021,5
1022,8
1023,15
1024,2
1025,7
1026,13
1027,2
1028,1
1029,12
1030,14
1031,19
1032,14
1033,14
1034,0
1035,17
1036,7
1037,6
1038,8
1039,11
1040,6
1041,14
1042,6
1043,17
1044,1
1045,12
1046,4
1047,14
1048,17
1049,4
1050,6
1051,14
1052,8
1053,8
1054,8
1055,0
1056,4
1057,15
1058,0
1059,18
1060,17
1061,6
1062,11
1063,6
1064,4
1065,15
1066,8
1067,7
1068,6
1069,13
1070,4
1071,16
1072,15
1073,14
1074,3
1075,10
1076,16
1077,13
1078,12
1079,8
1080,6
1081,8
1082,10
1083,13
1084,17
1085,4
1086,4
1087,8
1088,8
1089,8
1090,8
1091,7
1092,7
1093,8
1094,15
1095,0
1096,16
1097,4
1098,4
1099,6
1100,9
1101,16
1102,7
1103,1
1104,15
1105,13
1106,4
1107,1
1108,6
1109,9
1110,12
1111,4
1112,8
1113,13
1114,8
1115,4
1116,0
1117,7
1118,7
1119,8
1120,6
1121,8
1122,9
1123,1
1124,7
1125,10
1126,5
1127,10
1128,14
1129,4
1130,7
1131,1
1132,14
1133,8
1134,17
1135,8
1136,13
1137,1
1138,14
1139,8
1140,10
1141,10
1142,14
1143,7
1144,7
1145,9
1146,8
1147,8
1148,14
1149,8
1150,8
1151,11
1152,12
1153,13
1154,4
1155,7
1156,4
1157,8
1158,4
1159,16
1160,8
1161,12
1162,4
1163,7
1164,7
1165,7
1166,12
1167,11
1168,11
1169,8
1170,15
1171,9
1172,8
1173,14
1174,14
1175,7
1176,13
1177,1
1178,12
1179,13
1180,4
1181,10
1182,12
1183,14
1184,9
1185,12
1186,5
1187,12
1188,7
1189,6
1190,12
1191,8
1192,4
1193,14
1194,14
1195,6
1196,6
1197,16
1198,0
1199,9
1200,17
1201,13
1202,0
1203,12
1204,15
1205,1
1206,9
1207,10
1208,8
1209,11
1210,15
1211,13
1212,13
1213,0
1214,7
1215,10
1216,4
1217,10
1218,10
1219,6
1220,11
1221,10
1222,12
1223,5
1224,14
1225,13
1226,14
1227,17
1228,8
1229,15
1230,6
1231,8
1232,3
1233,7
1234,15
1235,4
1236,14
1237,8
1238,11
1239,12
1240,15
1241,6
1242,17
1243,3
1244,14
1245,6
1246,12
1247,13
1248,4
1249,7
1250,12
1251,12
1252,18
1253,13
1254,13
1255,8
1256,12
1257,1
1258,12
1259,8
1260,13
1261,4
1262,12
1263,6
1264,14
1265,11
1266,12
1267,8
1268,1
1269,10
1270,14
1271,6
1272,12
1273,4
1274,8
1275,10
1276,7
1277,4
1278,7
1279,12
1280,2
1281,11
1282,12
1283,13
1284,10
1285,12
1286,8
1287,13
1288,16
1289,16
1290,8
1291,11
1292,4
1293,16
1294,13
1295,15
1296,4
1297,7
1298,13
1299,12
1300,9
1301,16
1302,17
1303,14
1304,6
1305,6
1306,11
1307,6
1308,14
1309,14
1310,6
1311,9
1312,11
1313,6
1314,1
1315,8
1316,17
1317,13
1318,12
1319,15
1320,7
1321,0
1322,5
1323,8
1324,4
1325,13
1326,11
1327,7
1328,14
1329,16
1330,13
1331,1
1332,14
1333,12
1334,12
1335,14
1336,12
1337,6
1338,15
1339,12
1340,1
1341,7
1342,0
1343,14
1344,14
1345,4
1346,7
1347,0
1348,12
1349,12
1350,11
1351,13
1352,5
1353,14
1354,6
1355,6
1356,5
1357,9
1358,5
1359,11
1360,4
1361,17
1362,14
1363,1
1364,4
1365,17
1366,4
1367,15
1368,13
1369,4
1370,16
1371,12
1372,5
1373,8
1374,1
1375,8
1376,8
1377,11
1378,3
1379,12
1380,6
1381,8
1382,14
1383,12
1384,12
1385,7
1386,12
1387,4
1388,3
1389,4
1390,0
1391,14
1392,7
1393,15
1394,13
1395,1
1396,4
1397,3
1398,18
1399,4
1400,7
1401,14
1402,13
1403,1
1404,5
1405,9
1406,17
1407,1
1408,9
1409,3
1410,10
1411,4
1412,2
1413,14
1414,17
1415,10
1416,10
1417,11
1418,8
1419,10
1420,8
1421,1
1422,14
1423,16
1424,8
1425,6
1426,5
1427,5
1428,6
1429,8
1430,17
1431,8
1432,13
1433,11
1434,16
1435,12
1436,12
1437,1
1438,12
1439,14
1440,13
1441,12
1442,13
1443,14
1444,8
1445,14
1446,5
1447,14
1448,1
1449,2
1450,10
1451,8
1452,14
1453,2
1454,7
1455,11
1456,10
1457,7
1458,16
1459,1
1460,6
1461,10
1462,16
1463,3
1464,1
1465,4
1466,4
1467,3
1468,7
1469,18
1470,9
1471,6
1472,14
1473,0
1474,17
1475,10
1476,18
1477,6
1478,13
1479,0
1480,12
1481,10
1482,11
1483,10
1484,13
1485,12
1486,14
1487,8
1488,8
1489,1
1490,12
1491,7
1492,6
1493,4
1494,12
1495,14
1496,4
1497,10
1498,18
1499,17
1500,11
1501,14
1502,14
1503,14
1504,6
1505,7
1506,12
1507,13
1508,13
1509,15
1510,6
1511,1
1512,12
1513,14
1514,15
1515,3
1516,11
1517,14
1518,16
1519,16
1520,11
1521,5
1522,1
1523,1
1524,1
1525,10
1526,13
1527,12
1528,4
1529,2
1530,8
1531,7
1532,6
1533,17
1534,4
1535,11
1536,12
1537,14
1538,13
1539,13
1540,2
1541,13
1542,1
1543,0
1544,7
1545,11
1546,18
1547,13
1548,14
1549,10
1550,16
1551,17
1552,17
1553,2
1554,10
1555,13
1556,8
1557,7
1558,11
1559,1
1560,9
1561,6
1562,7
1563,13
1564,17
1565,8
1566,0
1567,9
1568,15
1569,8
1570,15
1571,5
1572,14
1573,12
1574,9
1575,8
1576,13
1577,13
1578,7
1579,1
1580,6
1581,7
1582,13
1583,16
1584,5
1585,8
1586,12
1587,14
1588,4
1589,13
1590,4
1591,18
1592,14
1593,10
1594,12
1595,0
1596,14
1597,4
1598,12
1599,5
1600,10
1601,0
1602,12
1603,9
1604,14
1605,14
1606,17
1607,14
1608,7
1609,2
1610,9
1611,16
1612,15
1613,7
1614,14
1615,12
1616,16
1617,12
1618,9
1619,6
1620,9
1621,5
1622,12
1623,17
1624,8
1625,12
1626,7
1627,8
1628,4
1629,14
1630,15
1631,7
1632,8
1633,8
1634,7
1635,14
1636,11
1637,18
1638,4
1639,8
1640,15
1641,0
1642,6
1643,12
1644,6
1645,12
1646,9
1647,13
1648,6
1649,16
1650,16
1651,0
1652,13
1653,2
1654,12
1655,9
1656,10
1657,10
1658,12
1659,5
1660,9
1661,5
1662,7
1663,12
1664,6
1665,11
1666,17
1667,12
1668,14
1669,5
1670,15
1671,11
1672,15
1673,16
1674,14
1675,12
1676,3
1677,16
1678,4
1679,17
1680,14
1681,7
1682,10
1683,14
1684,13
1685,17
1686,1
1687,8
1688,1
1689,6
1690,10
1691,8
1692,7
1693,17
1694,6
1695,14
1696,8
1697,3
1698,9
1699,0
1700,18
1701,9
1702,14
1703,12
1704,8
1705,8
1706,9
1707,16
1708,1
1709,8
1710,9
1711,8
1712,7
1713,8
1714,13
1715,12
1716,13
1717,1
1718,5
1719,9
1720,4
1721,4
1722,15
1723,4
1724,0
1725,6
1726,12
1727,13
1728,13
1729,4
1730,4
1731,4
1732,8
1733,7
1734,0
1735,3
1736,8
1737,13
1738,17
1739,10
1740,6
1741,11
1742,8
1743,11
1744,4
1745,18
1746,14
1747,17
1748,16
1749,12
1750,12
1751,17
1752,13
1753,15
1754,14
1755,0
1756,16
1757,9
1758,14
1759,9
1760,8
1761,8
1762,17
1763,14
1764,16
1765,8
1766,14
1767,8
1768,18
1769,18
1770,8
1771,10
1772,9
1773,11
1774,12
1775,8
1776,12
1777,12
1778,17
1779,3
1780,14
1781,8
1782,10
1783,8
1784,4
1785,11
1786,3
1787,6
1788,4
1789,9
1790,4
1791,12
1792,13
1793,15
1794,15
1795,8
1796,16
1797,5
1798,6
1799,0
1800,4
1801,8
1802,5
1803,15
1804,1
1805,13
1806,7
1807,16
1808,11
1809,13
1810,14
1811,14
1812,8
1813,7
1814,12
1815,12
1816,9
1817,13
1818,8
1819,13
1820,1
1821,14
1822,12
1823,0
1824,13
1825,12
1826,9
1827,10
1828,16
1829,9
1830,14
1831,9
1832,13
1833,12
1834,5
1835,6
1836,14
1837,16
1838,13
1839,5
1840,1
1841,8
1842,8
1843,4
1844,16
1845,6
1846,6
1847,14
1848,0
1849,8
1850,14
1851,6
1852,17
1853,7
1854,9
1855,7
1856,8
1857,12
1858,16
1859,17
1860,14
1861,13
1862,16
1863,12
1864,8
1865,4
1866,17
1867,13
1868,17
1869,6
1870,12
1871,0
1872,0
1873,2
1874,4
1875,12
1876,8
1877,5
1878,14
1879,0
1880,8
1881,13
1882,14
1883,15
1884,4
1885,9
1886,11
1887,2
1888,0
1889,17
1890,6
1891,10
1892,11
1893,13
1894,2
1895,13
1896,14
1897,8
1898,6
1899,14
1900,14
1901,14
1902,14
1903,4
1904,1
1905,7
1906,13
1907,9
1908,13
1909,10
1910,12
1911,5
1912,6
1913,14
1914,18
1915,9
1916,17
1917,6
1918,11
1919,7
1920,15
1921,1
1922,13
1923,7
1924,10
1925,8
1926,14
1927,7
1928,12
1929,8
1930,17
1931,15
1932,5
1933,12
1934,1
1935,14
1936,14
1937,4
1938,15
1939,14
1940,18
1941,10
1942,16
1943,14
1944,0
1945,1
1946,0
1947,2
1948,1
1949,16
1950,14
1951,8
1952,6
1953,12
1954,16
1955,13
1956,14
1957,6
1958,11
1959,16
1960,7
1961,8
1962,14
1963,16
1964,8
1965,11
1966,17
1967,5
1968,7
1969,18
1970,10
1971,5
1972,17
1973,6
1974,17
1975,12
1976,13
1977,4
1978,4
1979,13
1980,14
1981,10
1982,12
1983,0
1984,12
1985,1
1986,4
1987,1
1988,1
1989,17
1990,13
1991,14
1992,17
1993,4
1994,4
1995,6
1996,14
1997,12
1998,17
1999,18
2000,16
2001,7
2002,4
2003,6
2004,7
2005,9
2006,7
2007,9
2008,9
2009,0
2010,0
2011,11
2012,4
2013,0
2014,7
2015,4
2016,7
2017,8
2018,9
2019,16
2020,7
2021,13
2022,3
2023,2
2024,1
2025,8
2026,4
2027,14
2028,14
2029,4
2030,7
2031,12
2032,12
2033,18
2034,1
2035,12
2036,8
2037,14
2038,12
2039,14
2040,4
2041,10
2042,9
2043,9
2044,4
2045,16
2046,7
2047,15
2048,7
2049,6
2050,10
2051,8
2052,13
2053,0
2054,15
2055,14
2056,6
2057,2
2058,13
2059,10
2060,4
2061,14
2062,4
2063,13
2064,14
2065,13
2066,6
2067,18
2068,4
2069,13
2070,13
2071,5
2072,14
2073,8
2074,6
2075,14
2076,10
2077,7
2078,4
2079,16
2080,11
2081,10
2082,17
2083,0
2084,14
2085,6
2086,13
2087,13
2088,17
2089,5
2090,12
2091,14
2092,13
2093,0
2094,13
2095,12
2096,3
2097,10
2098,14
2099,13
2100,13
2101,8
2102,4
2103,6
2104,1
2105,8
2106,11
2107,12
2108,12
2109,13
2110,16
2111,10
2112,8
2113,9
2114,12
2115,14
2116,14
2117,9
2118,12
2119,4
2120,17
2121,14
2122,1
2123,8
2124,14
2125,1
2126,15
2127,14
2128,12
2129,1
2130,8
2131,15
2132,15
2133,4
2134,1
2135,8
2136,10
2137,8
2138,10
2139,7
2140,14
2141,1
2142,7
2143,8
2144,7
2145,17
2146,5
2147,1
2148,17
2149,12
2150,7
2151,1
2152,13
2153,13
2154,15
2155,14
2156,11
2157,12
2158,1
2159,5
2160,10
2161,8
2162,13
2163,14
2164,7
2165,12
2166,16
2167,18
2168,7
2169,4
2170,9
2171,10
2172,17
2173,16
2174,13
2175,13
2176,10
2177,12
2178,1
2179,17
2180,10
2181,13
2182,16
2183,9
2184,4
2185,12
2186,4
2187,10
2188,1
2189,18
2190,12
2191,16
2192,13
2193,6
2194,4
2195,12
2196,10
2197,14
2198,13
2199,7
2200,13
2201,18
2202,14
2203,4
2204,10
2205,4
2206,1
2207,13
2208,13
2209,13
2210,9
2211,12
2212,7
2213,14
2214,12
2215,12
2216,13
2217,13
2218,3
2219,12
2220,12
2221,12
2222,0
2223,7
2224,13
2225,10
2226,13
2227,7
2228,4
2229,10
2230,16
2231,12
2232,7
2233,7
2234,0
2235,12
2236,9
2237,4
2238,12
2239,4
2240,4
2241,4
2242,7
2243,9
2244,17
2245,13
2246,9
2247,5
2248,4
2249,14
2250,4
2251,4
2252,8
2253,0
2254,14
2255,7
2256,1
2257,4
2258,4
2259,5
2260,14
2261,13
2262,0
2263,11
2264,12
2265,14
2266,13
2267,4
2268,10
2269,14
2270,5
2271,14
2272,4
2273,12
2274,7
2275,5
2276,11
2277,5
2278,4
2279,12
2280,7
2281,10
2282,2
2283,9
2284,3
2285,11
2286,8
2287,14
2288,6
2289,8
2290,16
2291,10
2292,7
2293,4
2294,16
2295,8
2296,4
2297,7
2298,14
2299,11
2300,0
2301,18
2302,16
2303,13
2304,9
2305,0
2306,1
2307,7
2308,7
2309,7
2310,16
2311,14
2312,4
2313,9
2314,13
2315,15
2316,14
2317,14
2318,4
2319,7
2320,12
2321,14
2322,5
2323,3
2324,14
2325,8
2326,14
2327,9
2328,11
2329,8
2330,1
2331,4
2332,6
2333,12
2334,18
2335,11
2336,13
2337,17
2338,6
2339,16
2340,7
2341,10
2342,15
2343,12
2344,18
2345,7
2346,4
2347,13
2348,14
2349,6
2350,12
2351,12
2352,7
2353,14
2354,3
2355,3
2356,1
2357,17
2358,8
2359,7
2360,7
2361,4
2362,14
2363,17
2364,17
2365,7
2366,8
2367,12
2368,12
2369,16
2370,4
2371,9
2372,11
2373,1
2374,12
2375,14
2376,18
2377,14
2378,14
2379,15
2380,1
2381,16
2382,12
2383,13
2384,4
2385,14
2386,4
2387,6
2388,10
2389,7
2390,3
2391,4
2392,16
2393,18
2394,0
2395,0
2396,17
2397,14
2398,7
2399,13
2400,9
2401,13
2402,13
2403,10
2404,18
2405,15
2406,0
2407,12
2408,12
2409,12
2410,13
2411,13
2412,7
2413,14
2414,13
2415,6
2416,13
2417,14
2418,9
2419,11
2420,17
2421,16
2422,0
2423,8
2424,14
2425,3
2426,8
2427,16
2428,8
2429,7
2430,15
2431,11
2432,6
2433,6
2434,10
2435,13
2436,14
2437,7
2438,1
2439,2
2440,0
2441,12
2442,8
2443,2
2444,13
2445,7
2446,6
2447,0
2448,3
2449,13
2450,10
2451,14
2452,1
2453,3
2454,9
2455,13
2456,18
2457,7
2458,11
2459,13
2460,0
2461,4
2462,7
2463,13
2464,8
2465,14
2466,8
2467,13
2468,9
2469,4
2470,1
2471,11
2472,4
2473,12
2474,3
2475,2
2476,0
2477,11
2478,3
2479,15
2480,6
2481,13
2482,1
2483,12
2484,4
2485,14
2486,17
2487,13
2488,14
2489,14
2490,12
2491,6
2492,8
2493,7
2494,12
2495,8
2496,14
2497,17
2498,7
2499,13
2500,14
2501,14
2502,12
2503,1
2504,13
2505,0
2506,14
2507,7
2508,1
2509,6
2510,14
2511,9
2512,14
2513,9
2514,7
2515,9
2516,17
2517,1
2518,16
2519,12
2520,7
2521,7
2522,12
2523,0
2524,16
2525,3
2526,5
2527,8
2528,17
2529,7
2530,8
2531,14
2532,14
2533,9
2534,14
2535,0
2536,9
2537,7
2538,15
2539,5
2540,12
2541,14
2542,13
2543,0
2544,14
2545,10
2546,11
2547,8
2548,11
2549,7
2550,12
2551,7
2552,8
2553,8
2554,14
2555,0
2556,7
2557,1
2558,8
2559,12
2560,8
2561,4
2562,11
2563,2
2564,14
2565,12
2566,4
2567,6
2568,17
2569,8
2570,9
2571,15
2572,12
2573,6
2574,6
2575,10
2576,14
2577,12
2578,13
2579,1
2580,13
2581,8
2582,6
2583,8
2584,11
2585,13
2586,7
2587,6
2588,1
2589,12
2590,1
2591,18
2592,17
2593,4
2594,6
2595,10
2596,16
2597,14
2598,10
2599,7
2600,8
2601,14
2602,5
2603,3
2604,15
2605,16
2606,8
2607,17
2608,17
2609,14
2610,7
2611,0
2612,13
2613,13
2614,14
2615,10
2616,0
2617,1
2618,1
2619,16
2620,8
2621,12
2622,2
2623,17
2624,4
2625,12
2626,15
2627,8
2628,17
2629,15
2630,11
2631,8
2632,6
2633,13
2634,17
2635,16
2636,8
2637,14
2638,3
2639,15
2640,9
2641,4
2642,9
2643,3
2644,17
2645,4
2646,12
2647,17
2648,16
2649,11
2650,12
2651,13
2652,13
2653,6
2654,10
2655,12
2656,9
2657,6
2658,11
2659,16
2660,11
2661,4
2662,11
2663,8
2664,13
2665,7
2666,9
2667,9
2668,4
2669,7
2670,7
2671,3
2672,9
2673,13
2674,6
2675,6
2676,18
2677,0
2678,0
2679,4
2680,4
2681,0
2682,10
2683,8
2684,8
2685,8
2686,9
2687,9
2688,15
2689,12
2690,15
2691,0
2692,13
2693,13
2694,7
2695,0
2696,15
2697,7
2698,14
2699,16
2700,13
2701,10
2702,8
2703,3
2704,8
2705,4
2706,4
2707,10
2708,4
2709,16
2710,7
2711,0
2712,14
2713,12
2714,8
2715,13
2716,4
2717,8
2718,18
2719,9
2720,11
2721,4
2722,18
2723,4
2724,5
2725,5
2726,14
2727,10
2728,1
2729,17
2730,11
2731,10
2732,8
2733,14
2734,16
2735,4
2736,14
2737,4
2738,8
2739,16
2740,4
2741,14
2742,6
2743,0
2744,8
2745,10
2746,6
2747,10
2748,4
2749,7
2750,5
2751,18
2752,4
2753,13
2754,12
2755,3
2756,0
2757,13
2758,17
2759,9
2760,8
2761,6
2762,7
2763,4
2764,12
2765,7
2766,14
2767,7
2768,6
2769,10
2770,4
2771,4
2772,6
2773,10
2774,14
2775,18
2776,15
2777,12
2778,7
2779,8
2780,8
2781,4
2782,4
2783,0
2784,14
2785,12
2786,4
2787,8
2788,13
2789,10
2790,1
2791,11
2792,14
2793,1
2794,5
2795,8
2796,10
2797,15
2798,2
2799,6
2800,10
2801,9
2802,16
2803,7
2804,8
2805,7
2806,9
2807,13
2808,10
2809,9
2810,6
2811,4
2812,7
2813,12
2814,18
2815,16
2816,14
2817,18
2818,18
2819,8
2820,11
2821,10
2822,12
2823,0
2824,4
2825,14
2826,7
2827,13
2828,16
2829,14
2830,10
2831,10
2832,15
2833,0
2834,14
2835,7
2836,15
2837,14
2838,4
2839,5
2840,1
2841,13
2842,7
2843,9
2844,3
2845,14
2846,12
2847,9
2848,2
2849,15
2850,11
2851,12
2852,14
2853,2
2854,16
2855,6
2856,14
2857,1
2858,12
2859,18
2860,4
2861,14
2862,12
2863,10
2864,7
2865,8
2866,14
2867,8
2868,8
2869,14
2870,17
2871,8
2872,18
2873,2
2874,10
2875,14
2876,12
2877,10
2878,13
2879,5
2880,12
2881,7
2882,5
2883,16
2884,6
2885,7
2886,14
2887,15
2888,17
2889,13
2890,11
2891,13
2892,8
2893,13
2894,8
2895,10
2896,13
2897,10
2898,1
2899,13
2900,13
2901,4
2902,4
2903,7
2904,12
2905,17
2906,14
2907,16
2908,1
2909,4
2910,14
2911,4
2912,13
2913,14
2914,12
2915,16
2916,4
2917,10
2918,12
2919,4
2920,6
2921,14
2922,6
2923,9
2924,8
2925,13
2926,2
2927,10
2928,18
2929,4
2930,7
2931,18
2932,12
2933,8
2934,16
2935,15
2936,3
2937,1
2938,12
2939,14
2940,14
2941,7
2942,16
2943,4
2944,4
2945,11
2946,13
2947,1
2948,14
2949,4
2950,0
2951,10
2952,11
2953,1
2954,8
2955,1
2956,15
2957,15
2958,6
2959,12
2960,9
2961,16
2962,6
2963,14
2964,13
2965,17
2966,9
2967,17
2968,8
2969,16
2970,12
2971,17
2972,6
2973,8
2974,14
2975,9
2976,6
2977,1
2978,15
2979,9
2980,17
2981,4
2982,1
2983,3
2984,14
2985,12
2986,6
2987,5
2988,18
2989,10
2990,10
2991,16
2992,18
2993,11
2994,10
2995,7
2996,17
2997,8
2998,7
2999,12
3000,6
3001,14
3002,12
3003,7
3004,18
3005,12
3006,9
3007,9
3008,12
3009,12
3010,3
3011,9
3012,15
3013,8
3014,9
3015,15
3016,7
3017,0
3018,7
3019,14
3020,13
3021,14
3022,9
3023,12
3024,7
3025,15
3026,7
3027,14
3028,14
3029,15
3030,9
3031,9
3032,9
3033,9
3034,7
3035,7
3036,6
3037,4
3038,6
3039,10
3040,13
3041,9
3042,1
3043,9
3044,4
3045,13
3046,7
3047,2
3048,15
3049,13
3050,6
3051,2
3052,13
3053,6
3054,6
3055,0
3056,8
3057,12
3058,8
3059,4
3060,7
3061,9
3062,18
3063,16
3064,6
3065,15
3066,13
3067,10
3068,13
3069,10
3070,11
3071,16
3072,14
3073,15
3074,7
3075,12
3076,18
3077,17
3078,9
3079,4
3080,13
3081,10
3082,10
3083,8
3084,16
3085,7
3086,12
3087,7
3088,8
3089,14
3090,12
3091,17
3092,14
3093,17
3094,11
3095,8
3096,4
3097,14
3098,8
3099,6
3100,4
3101,6
3102,14
3103,7
3104,5
3105,0
3106,14
3107,4
3108,13
3109,0
3110,0
3111,13
3112,4
3113,8
3114,14
3115,14
3116,13
3117,12
3118,11
3119,12
3120,15
3121,15
3122,1
3123,13
3124,1
3125,14
3126,1
3127,0
3128,16
3129,8
3130,12
3131,12
3132,14
3133,2
3134,7
3135,0
3136,17
3137,13
3138,4
3139,8
3140,12
3141,2
3142,6
3143,8
3144,4
3145,2
3146,1
3147,13
3148,1
3149,8
3150,7
3151,13
3152,10
3153,6
3154,16
3155,15
3156,11
3157,4
3158,14
3159,17
3160,12
3161,4
3162,11
3163,8
3164,1
3165,10
3166,11
3167,3
3168,15
3169,0
3170,10
3171,8
3172,19
3173,1
3174,7
3175,12
3176,12
3177,2
3178,14
3179,15
3180,8
3181,13
3182,17
3183,16
3184,17
3185,14
3186,10
3187,6
3188,18
3189,14
3190,7
3191,5
3192,15
3193,11
3194,8
3195,7
3196,9
3197,13
3198,0
3199,5
3200,5
3201,12
3202,3
3203,9
3204,8
3205,13
3206,6
3207,16
3208,16
3209,0
3210,8
3211,0
3212,8
3213,8
3214,15
3215,7
3216,11
3217,17
3218,4
3219,15
3220,14
3221,7
3222,12
3223,16
3224,10
3225,15
3226,4
3227,10
3228,6
3229,13
3230,12
3231,14
3232,13
3233,0
3234,7
3235,7
3236,1
3237,11
3238,4
3239,12
3240,12
3241,12
3242,4
3243,18
3244,16
3245,16
3246,6
3247,4
3248,8
3249,5
3250,6
3251,4
3252,15
3253,8
3254,16
3255,13
3256,12
3257,8
3258,17
3259,8
3260,9
3261,5
3262,16
3263,14
3264,1
3265,7
3266,14
3267,4
3268,13
3269,10
3270,6
3271,16
3272,8
3273,14
3274,10
3275,7
3276,0
3277,15
3278,8
3279,9
3280,14
3281,12
3282,17
3283,5
3284,12
3285,15
3286,8
3287,5
3288,14
3289,0
3290,10
3291,4
3292,12
3293,7
3294,7
3295,12
3296,16
3297,4
3298,10
3299,16
3300,9
3301,1
3302,5
3303,16
3304,12
3305,15
3306,8
3307,7
3308,0
3309,4
3310,10
3311,7
3312,13
3313,0
3314,1
3315,13
3316,13
3317,8
3318,9
3319,7
3320,12
3321,17
3322,6
3323,18
3324,14
3325,12
3326,14
3327,14
3328,7
3329,8
3330,14
3331,14
3332,0
3333,5
3334,6
3335,17
3336,4
3337,8
3338,10
3339,6
3340,4
3341,12
3342,17
3343,7
3344,12
3345,4
3346,4
3347,1
3348,3
3349,18
3350,1
3351,13
3352,11
3353,14
3354,9
3355,11
3356,14
3357,17
3358,3
3359,13
3360,7
3361,1
3362,18
3363,13
3364,1
3365,7
3366,9
3367,12
3368,0
3369,9
3370,6
3371,12
3372,4
3373,13
3374,8
3375,14
3376,8
3377,18
3378,0
3379,14
3380,10
3381,1
3382,12
3383,14
3384,3
3385,8
3386,4
3387,12
3388,5
3389,7
3390,10
3391,1
3392,18
3393,7
3394,5
3395,6
3396,7
3397,1
3398,11
3399,9
3400,4
3401,10
3402,8
3403,7
3404,8
3405,8
3406,7
3407,15
3408,14
3409,11
3410,8
3411,16
3412,1
3413,4
3414,15
3415,4
3416,7
3417,16
3418,5
3419,10
3420,8
3421,15
3422,11
3423,12
3424,15
3425,5
3426,8
3427,14
3428,8
3429,14
3430,6
3431,9
3432,14
3433,15
3434,4
3435,4
3436,10
3437,4
3438,4
3439,15
3440,11
3441,11
3442,9
3443,1
3444,17
3445,14
3446,12
3447,12
3448,16
3449,14
3450,16
3451,14
3452,4
3453,7
3454,1
3455,4
3456,14
3457,9
3458,12
3459,7
3460,0
3461,15
3462,14
3463,14
3464,8
3465,11
3466,6
3467,5
3468,4
3469,13
3470,10
3471,8
3472,8
3473,14
3474,7
3475,10
3476,14
3477,9
3478,7
3479,17
3480,4
3481,13
3482,10
3483,8
3484,4
3485,5
3486,10
3487,15
3488,13
3489,12
3490,16
3491,14
3492,12
3493,14
3494,14
3495,15
3496,10
3497,5
3498,8
3499,5
3500,1
3501,17
3502,13
3503,13
3504,1
3505,13
3506,15
3507,16
3508,4
3509,6
3510,8
3511,8
3512,14
3513,13
3514,15
3515,14
3516,9
3517,7
3518,12
3519,14
3520,13
3521,5
3522,4
3523,1
3524,2
3525,17
3526,4
3527,12
3528,5
3529,1
3530,14
3531,9
3532,4
3533,12
3534,8
3535,0
3536,5
3537,2
3538,4
3539,13
3540,8
3541,11
3542,9
3543,7
3544,8
3545,4
3546,0
3547,13
3548,5
3549,6
3550,10
3551,13
3552,8
3553,8
3554,13
3555,13
3556,13
3557,8
3558,7
3559,14
3560,14
3561,6
3562,6
3563,4
3564,0
3565,8
3566,16
3567,14
3568,9
3569,1
3570,12
3571,12
3572,9
3573,12
3574,8
3575,15
3576,3
3577,18
3578,15
3579,9
3580,1
3581,14
3582,9
3583,12
3584,12
3585,5
3586,9
3587,12
3588,11
3589,8
3590,10
3591,4
3592,17
3593,7
3594,7
3595,7
3596,11
3597,8
3598,17
3599,10
3600,15
3601,7
3602,12
3603,3
3604,9
3605,4
3606,2
3607,12
3608,12
3609,1
3610,9
3611,1
3612,12
3613,17
3614,7
3615,7
3616,14
3617,11
3618,13
3619,3
3620,12
3621,10
3622,5
3623,7
3624,14
3625,1
3626,12
3627,4
3628,13
3629,14
3630,8
3631,16
3632,7
3633,18
3634,14
3635,13
3636,8
3637,12
3638,12
3639,4
3640,14
3641,1
3642,6
3643,14
3644,10
3645,1
3646,7
3647,13
3648,8
3649,14
3650,10
3651,7
3652,8
3653,9
3654,4
3655,8
3656,6
3657,15
3658,14
3659,1
3660,4
3661,0
3662,13
3663,14
3664,10
3665,17
3666,11
3667,16
3668,15
3669,4
3670,16
3671,14
3672,4
3673,17
3674,0
3675,15
3676,14
3677,13
3678,3
3679,1
3680,6
3681,16
3682,8
3683,12
3684,12
3685,9
3686,12
3687,11
3688,1
3689,17
3690,3
3691,0
3692,10
3693,8
3694,1
3695,8
3696,13
3697,12
3698,6
3699,12
3700,9
3701,7
3702,17
3703,16
3704,13
3705,14
3706,6
3707,10
3708,10
3709,7
3710,8
3711,10
3712,18
3713,8
3714,6
3715,3
3716,6
3717,16
3718,7
3719,9
3720,4
3721,9
3722,6
3723,10
3724,7
3725,4
3726,14
3727,6
3728,0
3729,2
3730,13
3731,7
3732,10
3733,14
3734,17
3735,12
3736,4
3737,6
3738,10
3739,12
3740,4
3741,15
3742,12
3743,6
3744,0
3745,8
3746,10
3747,8
3748,0
3749,11
3750,0
3751,12
3752,1
3753,15
3754,8
3755,16
3756,5
3757,4
3758,8
3759,4
3760,16
3761,18
3762,12
3763,13
3764,7
3765,15
3766,14
3767,8
3768,7
3769,7
3770,5
3771,12
3772,6
3773,15
3774,15
3775,4
3776,8
3777,13
3778,6
3779,3
3780,13
3781,6
3782,13
3783,1
3784,12
3785,9
3786,14
3787,17
3788,0
3789,5
3790,12
3791,12
3792,4
3793,4
3794,8
3795,13
3796,6
3797,12
3798,14
3799,13
3800,16
3801,4
3802,5
3803,14
3804,17
3805,1
3806,8
3807,7
3808,19
3809,8
3810,1
3811,14
3812,16
3813,12
3814,6
3815,6
3816,14
3817,11
3818,13
3819,4
3820,14
3821,14
3822,1
3823,4
3824,8
3825,0
3826,16
3827,15
3828,10
3829,12
3830,1
3831,13
3832,1
3833,13
3834,10
3835,7
3836,16
3837,7
3838,14
3839,6
3840,15
3841,12
3842,7
3843,18
3844,16
3845,19
3846,12
3847,8
3848,11
3849,10
3850,7
3851,12
3852,11
3853,8
3854,8
3855,16
3856,2
3857,9
3858,16
3859,12
3860,0
3861,10
3862,7
3863,14
3864,16
3865,3
3866,8
3867,11
3868,12
3869,4
3870,7
3871,12
3872,0
3873,13
3874,8
3875,7
3876,12
3877,4
3878,1
3879,8
3880,1
3881,16
3882,6
3883,13
3884,4
3885,4
3886,4
3887,16
3888,9
3889,4
3890,9
3891,16
3892,4
3893,4
3894,8
3895,8
3896,5
3897,17
3898,4
3899,8
3900,8
3901,10
3902,16
3903,8
3904,6
3905,10
3906,4
3907,4
3908,14
3909,14
3910,1
3911,18
3912,0
3913,1
3914,0
3915,12
3916,7
3917,13
3918,3
3919,11
3920,12
3921,7
3922,13
3923,14
3924,0
3925,10
3926,8
3927,4
3928,14
3929,17
3930,11
3931,4
3932,16
3933,1
3934,0
3935,1
3936,12
3937,8
3938,4
3939,0
3940,1
3941,13
3942,3
3943,8
3944,13
3945,12
3946,13
3947,17
3948,11
3949,4
3950,6
3951,4
3952,14
3953,6
3954,14
3955,2
3956,14
3957,11
3958,9
3959,14
3960,2
3961,14
3962,14
3963,2
3964,7
3965,14
3966,8
3967,7
3968,14
3969,17
3970,12
3971,1
3972,16
3973,18
3974,7
3975,14
3976,5
3977,16
3978,12
3979,11
3980,8
3981,13
3982,17
3983,10
3984,10
3985,4
3986,1
3987,17
3988,15
3989,12
3990,9
3991,1
3992,14
3993,7
3994,1
3995,8
3996,12
3997,5
3998,14
3999,14
4000,17
4001,9
4002,12
4003,16
4004,1
4005,17
4006,4
4007,12
4008,12
4009,15
4010,0
4011,4
4012,12
4013,9
4014,13
4015,17
4016,13
4017,14
4018,8
4019,1
4020,1
4021,12
4022,16
4023,17
4024,16
4025,6
4026,1
4027,12
4028,4
4029,13
4030,12
4031,14
4032,7
4033,8
4034,14
4035,4
4036,9
4037,4
4038,10
4039,8
4040,10
4041,7
4042,17
4043,18
4044,8
4045,11
4046,14
4047,5
4048,15
4049,14
4050,12
4051,3
4052,8
4053,1
4054,0
4055,14
4056,8
4057,4
4058,6
4059,14
4060,8
4061,15
4062,7
4063,14
4064,8
4065,6
4066,4
4067,1
4068,5
4069,8
4070,7
4071,7
4072,14
4073,0
4074,0
4075,16
4076,15
4077,7
4078,4
4079,12
4080,14
4081,3
4082,12
4083,9
4084,7
4085,12
4086,9
4087,15
4088,17
4089,8
4090,17
4091,7
4092,16
4093,7
4094,12
4095,11
4096,7
4097,4
4098,7
4099,8
4100,9
4101,12
4102,13
4103,10
4104,14
4105,9
4106,15
4107,8
4108,14
4109,5
4110,13
4111,16
4112,15
4113,8
4114,7
4115,7
4116,12
4117,12
4118,8
4119,5
4120,0
4121,16
4122,1
4123,3
4124,6
4125,12
4126,13
4127,13
4128,17
4129,1
4130,8
4131,6
4132,13
4133,4
4134,14
4135,7
4136,8
4137,1
4138,2
4139,13
4140,4
4141,14
4142,13
4143,7
4144,15
4145,12
4146,0
4147,15
4148,11
4149,12
4150,4
4151,7
4152,13
4153,0
4154,16
4155,16
4156,15
4157,4
4158,12
4159,13
4160,12
4161,12
4162,14
4163,8
4164,7
4165,11
4166,12
4167,16
4168,0
4169,8
4170,12
4171,14
4172,3
4173,16
4174,7
4175,0
4176,4
4177,1
4178,12
4179,8
4180,15
4181,1
4182,10
4183,10
4184,12
4185,8
4186,4
4187,6
4188,9
4189,8
4190,16
4191,5
4192,1
4193,12
4194,14
4195,12
4196,4
4197,14
4198,3
4199,15
4200,10
4201,13
4202,0
4203,11
4204,0
4205,3
4206,4
4207,3
4208,4
4209,9
4210,16
4211,0
4212,5
4213,13
4214,1
4215,14
4216,3
4217,12
4218,10
4219,7
4220,0
4221,7
4222,1
4223,6
4224,14
4225,15
4226,18
4227,12
4228,7
4229,0
4230,7
4231,10
4232,17
4233,16
4234,6
4235,13
4236,6
4237,0
4238,1
4239,13
4240,8
4241,12
4242,9
4243,3
4244,16
4245,17
4246,3
4247,17
4248,15
4249,12
4250,8
4251,4
4252,4
4253,14
4254,8
4255,13
4256,16
4257,7
4258,6
4259,12
4260,11
4261,10
4262,4
4263,11
4264,7
4265,16
4266,12
4267,1
4268,16
4269,7
4270,8
4271,13
4272,13
4273,2
4274,9
4275,4
4276,4
4277,16
4278,11
4279,17
4280,9
4281,6
4282,4
4283,1
4284,10
4285,15
4286,17
4287,11
4288,12
4289,16
4290,14
4291,12
4292,18
4293,13
4294,13
4295,10
4296,11
4297,8
4298,16
4299,8
4300,11
4301,4
4302,7
4303,0
4304,13
4305,1
4306,8
4307,16
4308,5
4309,0
4310,1
4311,4
4312,1
4313,16
4314,16
4315,5
4316,1
4317,14
4318,10
4319,12
4320,15
4321,8
4322,9
4323,4
4324,17
4325,8
4326,8
4327,5
4328,3
4329,13
4330,12
4331,14
4332,6
4333,4
4334,14
4335,6
4336,15
4337,6
4338,6
4339,15
4340,14
4341,11
4342,8
4343,10
4344,16
4345,14
4346,11
4347,14
4348,13
4349,13
4350,14
4351,4
4352,12
4353,7
4354,17
4355,11
4356,11
4357,1
4358,7
4359,7
4360,1
4361,11
4362,13
4363,3
4364,5
4365,10
4366,8
4367,14
4368,12
4369,11
4370,6
4371,14
4372,4
4373,14
4374,14
4375,4
4376,8
4377,6
4378,17
4379,5
4380,7
4381,14
4382,7
4383,17
4384,18
4385,9
4386,14
4387,7
4388,17
4389,10
4390,12
4391,14
4392,3
4393,4
4394,12
4395,2
4396,0
4397,12
4398,0
4399,8
4400,7
4401,6
4402,1
4403,8
4404,8
4405,1
4406,13
4407,14
4408,0
4409,9
4410,15
4411,3
4412,14
4413,18
4414,9
4415,4
4416,1
4417,2
4418,7
4419,16
4420,8
4421,9
4422,12
4423,14
4424,14
4425,9
4426,4
4427,12
4428,8
4429,12
4430,18
4431,16
4432,12
4433,17
4434,8
4435,4
4436,12
4437,7
4438,6
4439,4
4440,18
4441,14
4442,14
4443,16
4444,4
4445,13
4446,16
4447,10
4448,9
4449,16
4450,18
4451,4
4452,6
4453,14
4454,9
4455,12
4456,7
4457,14
4458,11
4459,8
4460,10
4461,9
4462,16
4463,7
4464,10
4465,16
4466,5
4467,15
4468,4
4469,8
4470,16
4471,8
4472,9
4473,18
4474,16
4475,9
4476,10
4477,12
4478,14
4479,1
4480,16
4481,17
4482,7
4483,12
4484,9
4485,14
4486,18
4487,16
4488,9
4489,2
4490,10
4491,4
4492,13
4493,13
4494,3
4495,7
4496,7
4497,12
4498,15
4499,6
4500,13
4501,4
4502,3
4503,5
4504,8
4505,17
4506,14
4507,12
4508,1
4509,8
4510,15
4511,9
4512,14
4513,6
4514,4
4515,9
4516,1
4517,5
4518,16
4519,15
4520,4
4521,18
4522,4
4523,9
4524,14
4525,15
4526,10
4527,15
4528,1
4529,1
4530,16
4531,6
4532,14
4533,4
4534,10
4535,12
4536,16
4537,13
4538,4
4539,4
4540,17
4541,14
4542,11
4543,4
4544,13
4545,12
4546,9
4547,12
4548,4
4549,14
4550,5
4551,17
4552,16
4553,6
4554,14
4555,3
4556,5
4557,6
4558,11
4559,12
4560,6
4561,16
4562,8
4563,12
4564,1
4565,8
4566,17
4567,10
4568,0
4569,10
4570,7
4571,8
4572,10
4573,12
4574,14
4575,1
4576,16
4577,12
4578,17
4579,12
4580,14
4581,14
4582,12
4583,15
4584,8
4585,1
4586,1
4587,7
4588,13
4589,8
4590,4
4591,8
4592,8
4593,5
4594,14
4595,15
4596,15
4597,8
4598,13
4599,6
4600,12
4601,14
4602,14
4603,13
4604,7
4605,14
4606,13
4607,4
4608,1
4609,4
4610,17
4611,14
4612,14
4613,14
4614,17
4615,6
4616,1
4617,14
4618,12
4619,6
4620,12
4621,4
4622,8
4623,10
4624,0
4625,18
4626,12
4627,12
4628,7
4629,4
4630,17
4631,14
4632,7
4633,12
4634,4
4635,16
4636,17
4637,8
4638,15
4639,10
4640,15
4641,6
4642,8
4643,0
4644,14
4645,9
4646,8
4647,1
4648,11
4649,1
4650,10
4651,6
4652,8
4653,13
4654,8
4655,4
4656,12
4657,8
4658,7
4659,14
4660,9
4661,4
4662,16
4663,9
4664,14
4665,12
4666,4
4667,14
4668,5
4669,17
4670,12
4671,9
4672,9
4673,9
4674,11
4675,1
4676,8
4677,17
4678,3
4679,13
4680,13
4681,0
4682,12
4683,12
4684,6
4685,10
4686,16
4687,14
4688,1
4689,7
4690,0
4691,16
4692,0
4693,15
4694,13
4695,3
4696,1
4697,18
4698,15
4699,16
4700,8
4701,14
4702,6
4703,8
4704,12
4705,13
4706,5
4707,0
4708,2
4709,6
4710,12
4711,10
4712,11
4713,0
4714,6
4715,8
4716,5
4717,12
4718,12
4719,11
4720,5
4721,13
4722,7
4723,7
4724,14
4725,0
4726,15
4727,0
4728,12
4729,13
4730,4
4731,8
4732,7
4733,6
4734,0
4735,13
4736,4
4737,0
4738,10
4739,0
4740,18
4741,6
4742,8
4743,7
4744,1
4745,8
4746,13
4747,14
4748,0
4749,14
4750,4
4751,12
4752,17
4753,8
4754,1
4755,4
4756,16
4757,17
4758,1
4759,11
4760,6
4761,8
4762,15
4763,7
4764,17
4765,17
4766,1
4767,16
4768,17
4769,17
4770,6
4771,17
4772,13
4773,9
4774,7
4775,16
4776,8
4777,12
4778,18
4779,8
4780,8
4781,4
4782,9
4783,6
4784,10
4785,13
4786,7
4787,11
4788,8
4789,12
4790,5
4791,14
4792,18
4793,16
4794,7
4795,14
4796,14
4797,8
4798,4
4799,9
4800,3
4801,6
4802,8
4803,1
4804,18
4805,12
4806,10
4807,16
4808,9
4809,3
4810,12
4811,0
4812,17
4813,10
4814,12
4815,11
4816,8
4817,7
4818,9
4819,6
4820,14
4821,6
4822,17
4823,16
4824,4
4825,0
4826,17
4827,14
4828,15
4829,8
4830,11
4831,9
4832,14
4833,17
4834,16
4835,5
4836,4
4837,11
4838,8
4839,12
4840,10
4841,12
4842,16
4843,14
4844,11
4845,4
4846,16
4847,2
4848,10
4849,10
4850,1
4851,1
4852,12
4853,13
4854,5
4855,6
4856,10
4857,1
4858,12
4859,7
4860,8
4861,14
4862,11
4863,9
4864,10
4865,18
4866,12
4867,7
4868,0
4869,16
4870,8
4871,14
4872,9
4873,12
4874,10
4875,7
4876,16
4877,15
4878,8
4879,17
4880,13
4881,0
4882,1
4883,18
4884,9
4885,13
4886,7
4887,9
4888,13
4889,4
4890,5
4891,13
4892,8
4893,4
4894,4
4895,7
4896,9
4897,3
4898,12
4899,11
4900,7
4901,12
4902,0
4903,13
4904,12
4905,9
4906,5
4907,9
4908,5
4909,17
4910,12
4911,8
4912,9
4913,0
4914,7
4915,14
4916,14
4917,8
4918,8
4919,17
4920,13
4921,11
4922,16
4923,7
4924,11
4925,10
4926,8
4927,14
4928,16
4929,8
4930,14
4931,17
4932,15
4933,17
4934,13
4935,17
4936,4
4937,17
4938,9
4939,10
4940,8
4941,12
4942,18
4943,0
4944,5
4945,6
4946,8
4947,4
4948,4
4949,4
4950,8
4951,13
4952,12
4953,11
4954,14
4955,13
4956,17
4957,10
4958,3
4959,17
4960,9
4961,12
4962,6
4963,15
4964,14
4965,12
4966,2
4967,12
4968,8
4969,4
4970,13
4971,14
4972,1
4973,6
4974,2
4975,9
4976,6
4977,5
4978,4
4979,14
4980,14
4981,15
4982,13
4983,8
4984,14
4985,10
4986,9
4987,9
4988,12
4989,14
4990,7
4991,5
4992,14
4993,8
4994,0
4995,14
4996,7
4997,16
4998,14
4999,4
5000,1
5001,9
5002,3
5003,6
5004,4
5005,8
5006,12
5007,4
5008,13
5009,10
5010,17
5011,6
5012,7
5013,12
5014,12
5015,3
5016,12
5017,13
5018,17
5019,12
5020,6
5021,7
5022,3
5023,12
5024,8
5025,14
5026,6
5027,16
5028,8
5029,4
5030,13
5031,4
5032,4
5033,6
5034,11
5035,14
5036,13
5037,8
5038,9
5039,6
5040,15
5041,8
5042,6
5043,6
5044,12
5045,14
5046,7
5047,16
5048,12
5049,12
5050,6
5051,8
5052,4
5053,17
5054,11
5055,12
5056,12
5057,6
5058,13
5059,6
5060,12
5061,12
5062,11
5063,13
5064,14
5065,15
5066,11
5067,12
5068,14
5069,12
5070,7
5071,18
5072,7
5073,12
5074,1
5075,8
5076,12
5077,13
5078,15
5079,4
5080,13
5081,15
5082,10
5083,1
5084,14
5085,13
5086,16
5087,14
5088,6
5089,11
5090,4
5091,0
5092,14
5093,4
5094,7
5095,12
5096,17
5097,12
5098,11
5099,12
5100,8
5101,9
5102,14
5103,4
5104,4
5105,8
5106,13
5107,13
5108,4
5109,12
5110,5
5111,13
5112,8
5113,9
5114,0
5115,4
5116,5
5117,11
5118,8
5119,4
5120,0
5121,15
5122,13
5123,12
5124,16
5125,1
5126,2
5127,0
5128,3
5129,14
5130,8
5131,11
5132,15
5133,14
5134,13
5135,4
5136,11
5137,9
5138,4
5139,12
5140,16
5141,9
5142,14
5143,5
5144,13
5145,12
5146,18
5147,6
5148,9
5149,13
5150,3
5151,14
5152,4
5153,16
5154,12
5155,1
5156,7
5157,1
5158,7
5159,12
5160,13
5161,8
5162,13
5163,10
5164,4
5165,10
5166,8
5167,4
5168,15
5169,15
5170,4
5171,6
5172,6
5173,12
5174,14
5175,17
5176,7
5177,12
5178,6
5179,18
5180,14
5181,13
5182,4
5183,12
5184,8
5185,9
5186,7
5187,14
5188,7
5189,8
5190,8
5191,10
5192,17
5193,0
5194,12
5195,5
5196,15
5197,8
5198,6
5199,14
5200,7
5201,11
5202,5
5203,3
5204,12
5205,18
5206,13
5207,15
5208,17
5209,1
5210,17
5211,1
5212,13
5213,13
5214,16
5215,1
5216,6
5217,1
5218,12
5219,12
5220,14
5221,7
5222,13
5223,14
5224,2
5225,18
5226,12
5227,15
5228,15
5229,12
5230,14
5231,1
5232,10
5233,14
5234,8
5235,2
5236,14
5237,6
5238,9
5239,4
5240,10
5241,6
5242,8
5243,1
5244,11
5245,4
5246,10
5247,12
5248,16
5249,14
5250,6
5251,10
5252,13
5253,17
5254,15
5255,16
5256,8
5257,14
5258,17
5259,15
5260,8
5261,13
5262,14
5263,3
5264,4
5265,12
5266,8
5267,4
5268,14
5269,8
5270,4
5271,12
5272,12
5273,7
5274,18
5275,1
5276,11
5277,12
5278,6
5279,14
5280,4
5281,6
5282,1
5283,14
5284,13
5285,0
5286,13
5287,9
5288,14
5289,8
5290,4
5291,12
5292,2
5293,9
5294,16
5295,4
5296,12
5297,17
5298,17
5299,11
5300,12
5301,8
5302,14
5303,17
5304,6
5305,18
5306,13
5307,14
5308,6
5309,12
5310,12
5311,10
5312,14
5313,3
5314,13
5315,1
5316,12
5317,11
5318,17
5319,3
5320,1
5321,12
5322,14
5323,2
5324,13
5325,12
5326,11
5327,14
5328,7
5329,10
5330,4
5331,18
5332,4
5333,14
5334,1
5335,4
5336,6
5337,8
5338,13
5339,8
5340,1
5341,4
5342,6
5343,5
5344,4
5345,7
5346,17
5347,8
5348,1
5349,4
5350,1
5351,14
5352,14
5353,12
5354,9
5355,1
5356,12
5357,12
5358,16
5359,2
5360,13
5361,13
5362,5
5363,14
5364,9
5365,12
5366,8
5367,8
5368,12
5369,4
5370,10
5371,16
5372,16
5373,14
5374,10
5375,4
5376,7
5377,12
5378,1
5379,9
5380,16
5381,10
5382,2
5383,10
5384,6
5385,4
5386,16
5387,5
5388,17
5389,12
5390,8
5391,7
5392,10
5393,3
5394,17
5395,1
5396,15
5397,17
5398,12
5399,9
5400,6
5401,15
5402,16
5403,12
5404,12
5405,1
5406,6
5407,1
5408,17
5409,16
5410,12
5411,18
5412,12
5413,15
5414,8
5415,12
5416,13
5417,3
5418,11
5419,1
5420,17
5421,15
5422,17
5423,18
5424,10
5425,12
5426,8
5427,14
5428,16
5429,9
5430,16
5431,15
5432,3
5433,15
5434,11
5435,6
5436,11
5437,9
5438,6
5439,10
5440,17
5441,8
5442,6
5443,6
5444,4
5445,14
5446,10
5447,16
5448,17
5449,0
5450,5
5451,12
5452,12
5453,14
5454,8
5455,0
5456,4
5457,9
5458,7
5459,8
5460,8
5461,13
5462,12
5463,17
5464,15
5465,1
5466,13
5467,8
5468,8
5469,16
5470,0
5471,0
5472,5
5473,4
5474,9
5475,9
5476,6
5477,18
5478,12
5479,0
5480,12
5481,4
5482,16
5483,7
5484,11
5485,0
5486,15
5487,16
5488,13
5489,9
5490,0
5491,12
5492,0
5493,16
5494,7
5495,1
5496,16
5497,15
5498,9
5499,14
5500,7
5501,4
5502,9
5503,6
5504,16
5505,9
5506,10
5507,18
5508,13
5509,9
5510,12
5511,7
5512,10
5513,17
5514,16
5515,12
5516,16
5517,0
5518,4
5519,14
5520,7
5521,7
5522,7
5523,17
5524,13
5525,14
5526,14
5527,7
5528,8
5529,14
5530,14
5531,12
5532,17
5533,14
5534,8
5535,14
5536,17
5537,7
5538,17
5539,1
5540,5
5541,4
5542,13
5543,2
5544,13
5545,17
5546,8
5547,0
5548,1
5549,12
5550,4
5551,7
5552,10
5553,8
5554,4
5555,13
5556,8
5557,6
5558,12
5559,17
5560,6
5561,3
5562,16
5563,8
5564,12
5565,13
5566,8
5567,12
5568,14
5569,1
5570,11
5571,8
5572,13
5573,8
5574,15
5575,17
5576,13
5577,9
5578,8
5579,8
5580,8
5581,10
5582,9
5583,14
5584,9
5585,5
5586,17
5587,0
5588,16
5589,16
5590,12
5591,3
5592,7
5593,14
5594,4
5595,4
5596,13
5597,11
5598,4
5599,13
5600,6
5601,5
5602,11
5603,0
5604,11
5605,10
5606,17
5607,6
5608,15
5609,17
5610,6
5611,13
5612,12
5613,10
5614,5
5615,14
5616,10
5617,14
5618,10
5619,10
5620,11
5621,14
5622,10
5623,1
5624,15
5625,10
5626,4
5627,8
5628,1
5629,13
5630,12
5631,10
5632,9
5633,4
5634,0
5635,0
5636,14
5637,13
5638,4
5639,12
5640,17
5641,14
5642,17
5643,16
5644,1
5645,6
5646,12
5647,12
5648,4
5649,9
5650,17
5651,1
5652,12
5653,10
5654,6
5655,4
5656,12
5657,8
5658,7
5659,8
5660,4
5661,11
5662,9
5663,7
5664,17
5665,8
5666,13
5667,9
5668,7
5669,15
5670,18
5671,13
5672,9
5673,8
5674,5
5675,6
5676,12
5677,10
5678,16
5679,5
5680,4
5681,8
5682,16
5683,4
5684,14
5685,15
5686,12
5687,7
5688,16
5689,18
5690,12
5691,7
5692,8
5693,16
5694,6
5695,4
5696,17
5697,13
5698,4
5699,9
5700,14
5701,1
5702,0
5703,10
5704,8
5705,1
5706,7
5707,10
5708,16
5709,12
5710,8
5711,12
5712,6
5713,15
5714,14
5715,10
5716,13
5717,10
5718,14
5719,7
5720,4
5721,13
5722,9
5723,8
5724,17
5725,14
5726,12
5727,6
5728,14
5729,5
5730,7
5731,6
5732,13
5733,9
5734,6
5735,6
5736,17
5737,13
5738,13
5739,1
5740,11
5741,7
5742,14
5743,14
5744,0
5745,8
5746,11
5747,1
5748,12
5749,5
5750,8
5751,1
5752,8
5753,15
5754,17
5755,15
5756,8
5757,7
5758,4
5759,12
5760,12
5761,14
5762,8
5763,11
5764,14
5765,10
5766,6
5767,12
5768,8
5769,8
5770,12
5771,6
5772,14
5773,18
5774,9
5775,2
5776,13
5777,8
5778,15
5779,0
5780,7
5781,12
5782,9
5783,0
5784,10
5785,4
5786,10
5787,14
5788,12
5789,9
5790,9
5791,14
5792,7
5793,14
5794,4
5795,8
5796,16
5797,3
5798,17
5799,8
5800,6
5801,8
5802,3
5803,6
5804,12
5805,18
5806,0
5807,15
5808,4
5809,8
5810,0
5811,8
5812,7
5813,4
5814,14
5815,14
5816,10
5817,4
5818,12
5819,1
5820,17
5821,7
5822,15
5823,12
5824,11
5825,18
5826,5
5827,16
5828,11
5829,16
5830,3
5831,13
5832,12
5833,13
5834,16
5835,12
5836,8
5837,4
5838,8
5839,4
5840,6
5841,15
5842,13
5843,10
5844,8
5845,1
5846,13
5847,10
5848,13
5849,16
5850,0
5851,13
5852,16
5853,9
5854,17
5855,14
5856,4
5857,8
5858,15
5859,15
5860,13
5861,15
5862,12
5863,8
5864,10
5865,4
5866,17
5867,0
5868,9
5869,14
5870,13
5871,1
5872,10
5873,10
5874,10
5875,12
5876,13
5877,4
5878,10
5879,16
5880,6
5881,15
5882,14
5883,4
5884,14
5885,18
5886,15
5887,3
5888,13
5889,7
5890,8
5891,8
5892,12
5893,15
5894,1
5895,15
5896,13
5897,14
5898,16
5899,15
5900,3
5901,6
5902,14
5903,13
5904,7
5905,5
5906,14
5907,4
5908,7
5909,8
5910,0
5911,17
5912,17
5913,17
5914,17
5915,15
5916,10
5917,10
5918,4
5919,4
5920,5
5921,5
5922,6
5923,7
5924,5
5925,7
5926,15
5927,11
5928,12
5929,3
5930,17
5931,17
5932,12
5933,14
5934,16
5935,15
5936,12
5937,7
5938,4
5939,3
5940,7
5941,7
5942,0
5943,4
5944,9
5945,6
5946,8
5947,1
5948,12
5949,4
5950,12
5951,8
5952,13
5953,6
5954,7
5955,12
5956,14
5957,3
5958,6
5959,9
5960,7
5961,6
5962,8
5963,8
5964,8
5965,1
5966,14
5967,1
5968,5
5969,8
5970,17
5971,5
5972,14
5973,18
5974,13
5975,18
5976,15
5977,14
5978,17
5979,4
5980,13
5981,7
5982,4
5983,5
5984,8
5985,4
5986,3
5987,13
5988,4
5989,8
5990,10
5991,8
5992,4
5993,3
5994,16
5995,14
5996,13
5997,4
5998,10
5999,13
6000,9
6001,0
6002,12
6003,17
6004,15
6005,7
6006,14
6007,4
6008,0
6009,11
6010,8
6011,12
6012,14
6013,13
6014,18
6015,12
6016,13
6017,12
6018,1
6019,14
6020,6
6021,8
6022,16
6023,14
6024,10
6025,17
6026,16
6027,1
6028,8
6029,12
6030,10
6031,1
6032,11
6033,7
6034,15
6035,15
6036,15
6037,7
6038,14
6039,7
6040,4
6041,12
6042,12
6043,12
6044,10
6045,10
6046,13
6047,14
6048,14
6049,8
6050,2
6051,17
6052,3
6053,13
6054,14
6055,13
6056,14
6057,6
6058,4
6059,12
6060,4
6061,14
6062,8
6063,7
6064,12
6065,14
6066,2
6067,4
6068,3
6069,14
6070,12
6071,1
6072,13
6073,9
6074,15
6075,6
6076,7
6077,9
6078,12
6079,8
6080,3
6081,7
6082,14
6083,14
6084,11
6085,10
6086,0
6087,12
6088,12
6089,13
6090,6
6091,5
6092,6
6093,14
6094,16
6095,4
6096,17
6097,16
6098,14
6099,17
6100,13
6101,6
6102,16
6103,1
6104,4
6105,9
6106,6
6107,7
6108,10
6109,9
6110,16
6111,12
6112,8
6113,14
6114,14
6115,15
6116,15
6117,0
6118,13
6119,8
6120,9
6121,8
6122,4
6123,1
6124,13
6125,7
6126,13
6127,17
6128,13
6129,14
6130,0
6131,12
6132,4
6133,14
6134,7
6135,14
6136,7
6137,14
6138,12
6139,15
6140,12
6141,4
6142,14
6143,18
6144,4
6145,1
6146,1
6147,10
6148,7
6149,12
6150,4
6151,11
6152,3
6153,17
6154,6
6155,7
6156,0
6157,8
6158,8
6159,12
6160,16
6161,12
6162,7
6163,9
6164,4
6165,13
6166,13
6167,9
6168,5
6169,6
6170,10
6171,7
6172,14
6173,11
6174,8
6175,4
6176,4
6177,12
6178,16
6179,7
6180,3
6181,0
6182,12
6183,8
6184,8
6185,8
6186,14
6187,3
6188,11
6189,4
6190,8
6191,4
6192,0
6193,0
6194,8
6195,14
6196,12
6197,17
6198,14
6199,0
6200,6
6201,7
6202,3
6203,6
6204,12
6205,10
6206,0
6207,18
6208,18
6209,4
6210,17
6211,7
6212,0
6213,9
6214,12
6215,12
6216,8
6217,5
6218,3
6219,12
6220,4
6221,9
6222,7
6223,13
6224,4
6225,13
6226,10
6227,7
6228,7
6229,9
6230,4
6231,4
6232,1
6233,4
6234,13
6235,9
6236,12
6237,16
6238,8
6239,2
6240,4
6241,7
6242,17
6243,12
6244,13
6245,16
6246,16
6247,5
6248,7
6249,13
6250,15
6251,15
6252,13
6253,16
6254,15
6255,3
6256,8
6257,12
6258,8
6259,16
6260,0
6261,11
6262,3
6263,10
6264,12
6265,5
6266,17
6267,17
6268,3
6269,9
6270,10
6271,5
6272,9
6273,16
6274,0
6275,3
6276,6
6277,11
6278,12
6279,15
6280,1
6281,4
6282,8
6283,16
6284,8
6285,16
6286,16
6287,6
6288,13
6289,12
6290,6
6291,11
6292,4
6293,9
6294,14
6295,4
6296,0
6297,16
6298,15
6299,12
6300,13
6301,9
6302,14
6303,7
6304,1
6305,9
6306,12
6307,15
6308,15
6309,11
6310,11
6311,7
6312,13
6313,1
6314,3
6315,0
6316,7
6317,7
6318,8
6319,14
6320,16
6321,3
6322,14
6323,8
6324,4
6325,13
6326,13
6327,17
6328,14
6329,12
6330,12
6331,9
6332,8
6333,8
6334,4
6335,10
6336,14
6337,15
6338,15
6339,4
6340,5
6341,17
6342,17
6343,14
6344,0
6345,14
6346,1
6347,15
6348,13
6349,15
6350,18
6351,4
6352,0
6353,13
6354,8
6355,11
6356,4
6357,7
6358,14
6359,16
6360,6
6361,2
6362,1
6363,16
6364,9
6365,15
6366,12
6367,6
6368,12
6369,13
6370,4
6371,4
6372,14
6373,12
6374,12
6375,3
6376,0
6377,7
6378,17
6379,14
6380,12
6381,8
6382,10
6383,4
6384,13
6385,17
6386,2
6387,12
6388,11
6389,4
6390,11
6391,3
6392,9
6393,9
6394,2
6395,11
6396,5
6397,7
6398,17
6399,11
6400,4
6401,8
6402,9
6403,10
6404,10
6405,4
6406,15
6407,4
6408,0
6409,13
6410,16
6411,8
6412,17
6413,9
6414,13
6415,6
6416,3
6417,14
6418,6
6419,12
6420,8
6421,14
6422,12
6423,10
6424,15
6425,12
6426,13
6427,17
6428,6
6429,12
6430,12
6431,12
6432,6
6433,10
6434,18
6435,5
6436,18
6437,6
6438,12
6439,8
6440,1
6441,8
6442,4
6443,17
6444,7
6445,14
6446,0
6447,17
6448,3
6449,16
6450,14
6451,4
6452,14
6453,7
6454,8
6455,1
6456,9
6457,1
6458,4
6459,12
6460,6
6461,12
6462,12
6463,16
6464,4
6465,16
6466,7
6467,11
6468,5
6469,13
6470,14
6471,10
6472,9
6473,7
6474,15
6475,15
6476,8
6477,11
6478,5
6479,12
6480,14
6481,12
6482,13
6483,12
6484,17
6485,16
6486,10
6487,8
6488,11
6489,14
6490,8
6491,13
6492,17
6493,12
6494,8
6495,6
6496,9
6497,13
6498,1
6499,7
6500,6
6501,17
6502,14
6503,16
6504,8
6505,14
6506,12
6507,1
6508,13
6509,13
6510,7
6511,2
6512,13
6513,11
6514,4
6515,16
6516,7
6517,13
6518,4
6519,4
6520,4
6521,16
6522,18
6523,15
6524,12
6525,13
6526,12
6527,8
6528,4
6529,15
6530,13
6531,8
6532,13
6533,14
6534,12
6535,12
6536,15
6537,14
6538,11
6539,10
6540,12
6541,15
6542,14
6543,8
6544,8
6545,14
6546,15
6547,15
6548,7
6549,5
6550,14
6551,14
6552,3
6553,1
6554,17
6555,0
6556,12
6557,9
6558,12
6559,16
6560,13
6561,4
6562,8
6563,9
6564,0
6565,6
6566,17
6567,8
6568,13
6569,14
6570,4
6571,7
6572,4
6573,4
6574,17
6575,1
6576,1
6577,6
6578,14
6579,16
6580,4
6581,8
6582,4
6583,12
6584,4
6585,10
6586,7
6587,4
6588,14
6589,0
6590,9
6591,16
6592,7
6593,11
6594,14
6595,0
6596,6
6597,14
6598,6
6599,15
6600,12
6601,9
6602,9
6603,16
6604,9
6605,8
6606,15
6607,8
6608,10
6609,3
6610,7
6611,7
6612,8
6613,8
6614,9
6615,1
6616,12
6617,12
6618,7
6619,13
6620,11
6621,8
6622,17
6623,4
6624,14
6625,15
6626,1
6627,17
6628,13
6629,0
6630,9
6631,0
6632,8
6633,8
6634,7
6635,13
6636,4
6637,6
6638,6
6639,8
6640,12
6641,13
6642,12
6643,13
6644,10
6645,18
6646,9
6647,12
6648,5
6649,3
6650,4
6651,1
6652,8
6653,8
6654,0
6655,8
6656,5
6657,6
6658,2
6659,13
6660,11
6661,6
6662,1
6663,7
6664,13
6665,9
6666,13
6667,14
6668,12
6669,14
6670,12
6671,9
6672,14
6673,14
6674,8
6675,1
6676,4
6677,3
6678,13
6679,12
6680,4
6681,10
6682,15
6683,10
6684,14
6685,8
6686,15
6687,8
6688,7
6689,9
6690,0
6691,3
6692,8
6693,0
6694,12
6695,11
6696,16
6697,4
6698,15
6699,9
6700,8
6701,14
6702,15
6703,18
6704,3
6705,1
6706,9
6707,9
6708,4
6709,15
6710,7
6711,7
6712,4
6713,12
6714,16
6715,14
6716,14
6717,8
6718,14
6719,17
6720,7
6721,17
6722,15
6723,16
6724,6
6725,13
6726,0
6727,11
6728,11
6729,6
6730,10
6731,3
6732,17
6733,13
6734,8
6735,12
6736,14
6737,4
6738,10
6739,7
6740,5
6741,12
6742,2
6743,3
6744,6
6745,16
6746,12
6747,5
6748,12
6749,0
6750,13
6751,8
6752,12
6753,17
6754,4
6755,14
6756,15
6757,9
6758,15
6759,9
6760,7
6761,10
6762,3
6763,14
6764,15
6765,9
6766,18
6767,7
6768,8
6769,18
6770,6
6771,17
6772,14
6773,7
6774,1
6775,2
6776,4
6777,6
6778,8
6779,4
6780,7
6781,14
6782,1
6783,7
6784,12
6785,9
6786,4
6787,11
6788,16
6789,10
6790,16
6791,12
6792,16
6793,4
6794,15
6795,7
6796,2
6797,14
6798,14
6799,17
6800,0
6801,6
6802,6
6803,10
6804,0
6805,12
6806,12
6807,13
6808,16
6809,3
6810,3
6811,6
6812,4
6813,1
6814,13
6815,12
6816,7
6817,4
6818,18
6819,13
6820,10
6821,16
6822,6
6823,9
6824,6
6825,12
6826,11
6827,1
6828,12
6829,13
6830,14
6831,14
6832,0
6833,12
6834,7
6835,17
6836,4
6837,16
6838,9
6839,1
6840,10
6841,4
6842,12
6843,9
6844,2
6845,14
6846,7
6847,15
6848,11
6849,12
6850,8
6851,9
6852,12
6853,10
6854,7
6855,12
6856,4
6857,4
6858,4
6859,13
6860,13
6861,16
6862,13
6863,7
6864,13
6865,8
6866,7
6867,12
6868,13
6869,17
6870,7
6871,12
6872,1
6873,5
6874,8
6875,9
6876,4
6877,7
6878,6
6879,10
6880,3
6881,10
6882,14
6883,4
6884,7
6885,2
6886,3
6887,7
6888,4
6889,6
6890,1
6891,16
6892,16
6893,14
6894,3
6895,4
6896,8
6897,7
6898,13
6899,16
6900,4
6901,8
6902,11
6903,8
6904,4
6905,2
6906,9
6907,4
6908,6
6909,13
6910,15
6911,13
6912,8
6913,3
6914,6
6915,1
6916,17
6917,7
6918,4
6919,10
6920,1
6921,12
6922,4
6923,13
6924,15
6925,2
6926,10
6927,4
6928,6
6929,9
6930,4
6931,15
6932,7
6933,13
6934,13
6935,14
6936,13
6937,14
6938,4
6939,1
6940,7
6941,14
6942,9
6943,4
6944,18
6945,11
6946,5
6947,17
6948,13
6949,1
6950,8
6951,13
6952,9
6953,4
6954,9
6955,4
6956,10
6957,8
6958,5
6959,5
6960,7
6961,10
6962,13
6963,12
6964,0
6965,5
6966,8
6967,14
6968,13
6969,15
6970,13
6971,0
6972,13
6973,6
6974,13
6975,16
6976,16
6977,7
6978,0
6979,14
6980,12
6981,5
6982,7
6983,12
6984,4
6985,13
6986,8
6987,1
6988,4
6989,14
6990,3
6991,14
6992,15
6993,12
6994,9
6995,16
6996,1
6997,0
6998,4
6999,4
7000,10
7001,11
7002,16
7003,2
7004,0
7005,13
7006,4
7007,10
7008,8
7009,0
7010,10
7011,4
7012,0
7013,11
7014,4
7015,13
7016,0
7017,12
7018,18
7019,10
7020,10
7021,14
7022,6
7023,6
7024,13
7025,9
7026,8
7027,11
7028,8
7029,4
7030,12
7031,4
7032,14
7033,6
7034,14
7035,12
7036,10
7037,14
7038,6
7039,10
7040,18
7041,14
7042,6
7043,6
7044,10
7045,4
7046,14
7047,6
7048,3
7049,15
7050,16
7051,17
7052,17
7053,14
7054,6
7055,10
7056,13
7057,7
7058,0
7059,17
7060,9
7061,17
7062,13
7063,9
7064,8
7065,10
7066,7
7067,9
7068,1
7069,14
7070,13
7071,9
7072,14
7073,17
7074,8
7075,5
7076,14
7077,4
7078,4
7079,18
7080,8
7081,9
7082,18
7083,15
7084,7
7085,13
7086,6
7087,17
7088,11
7089,12
7090,3
7091,4
7092,17
7093,16
7094,14
7095,12
7096,7
7097,7
7098,12
7099,4
7100,7
7101,16
7102,15
7103,3
7104,10
7105,14
7106,8
7107,9
7108,12
7109,16
7110,3
7111,4
7112,4
7113,8
7114,16
7115,16
7116,8
7117,9
7118,6
7119,16
7120,9
7121,6
7122,12
7123,14
7124,17
7125,1
7126,11
7127,1
7128,8
7129,17
7130,9
7131,17
7132,12
7133,12
7134,13
7135,9
7136,13
7137,8
7138,12
7139,13
7140,12
7141,15
7142,8
7143,13
7144,12
7145,11
7146,8
7147,14
7148,8
7149,10
7150,14
7151,14
7152,17
7153,17
7154,12
7155,8
7156,4
7157,13
7158,13
7159,1
7160,4
7161,4
7162,8
7163,15
7164,11
7165,12
7166,3
7167,16
7168,7
7169,7
7170,8
7171,9
7172,7
7173,8
7174,16
7175,17
7176,6
7177,6
7178,15
7179,6
7180,10
7181,12
7182,6
7183,16
7184,6
7185,6
7186,10
7187,18
7188,1
7189,10
7190,15
7191,14
7192,4
7193,4
7194,4
7195,18
7196,8
7197,2
7198,7
7199,4
7200,7
7201,9
7202,3
7203,1
7204,10
7205,4
7206,4
7207,1
7208,4
7209,9
7210,14
7211,0
7212,14
7213,1
7214,4
7215,9
7216,8
7217,5
7218,7
7219,15
7220,17
7221,12
7222,14
7223,6
7224,8
7225,4
7226,14
7227,8
7228,14
7229,17
7230,4
7231,7
7232,1
7233,15
7234,4
7235,12
7236,7
7237,13
7238,4
7239,13
7240,10
7241,15
7242,5
7243,12
7244,0
7245,6
7246,16
7247,12
7248,13
7249,5
7250,6
7251,14
7252,12
7253,13
7254,8
7255,4
7256,17
7257,7
7258,14
7259,9
7260,8
7261,0
7262,5
7263,18
7264,4
7265,4
7266,7
7267,8
7268,14
7269,8
7270,4
7271,6
7272,14
7273,12
7274,10
7275,8
7276,6
7277,4
7278,0
7279,6
7280,13
7281,4
7282,13
7283,16
7284,9
7285,18
7286,1
7287,16
7288,6
7289,15
7290,5
7291,8
7292,16
7293,10
7294,10
7295,10
7296,16
7297,8
7298,16
7299,8
7300,6
7301,14
7302,13
7303,13
7304,13
7305,17
7306,14
7307,6
7308,15
7309,16
7310,16
7311,14
7312,14
7313,8
7314,12
7315,0
7316,17
7317,11
7318,13
7319,12
7320,1
7321,14
7322,3
7323,1
7324,12
7325,8
7326,4
7327,14
7328,13
7329,10
7330,9
7331,13
7332,13
7333,12
7334,6
7335,8
7336,13
7337,10
7338,11
7339,6
7340,5
7341,6
7342,10
7343,4
7344,17
7345,13
7346,15
7347,13
7348,8
7349,12
7350,1
7351,13
7352,6
7353,0
7354,4
7355,10
7356,17
7357,8
7358,8
7359,0
7360,4
7361,7
7362,15
7363,6
7364,8
7365,0
7366,1
7367,13
7368,8
7369,11
7370,11
7371,7
7372,14
7373,14
7374,9
7375,16
7376,12
7377,12
7378,1
7379,10
7380,12
7381,8
7382,0
7383,6
7384,9
7385,7
7386,4
7387,17
7388,12
7389,0
7390,4
7391,7
7392,15
7393,16
7394,8
7395,15
7396,14
7397,8
7398,9
7399,11
7400,10
7401,4
7402,13
7403,16
7404,18
7405,15
7406,4
7407,12
7408,17
7409,7
7410,8
7411,7
7412,13
7413,8
7414,4
7415,14
7416,12
7417,7
7418,5
7419,6
7420,12
7421,13
7422,9
7423,16
7424,17
7425,14
7426,16
7427,13
7428,12
7429,14
7430,4
7431,8
7432,7
7433,4
7434,7
7435,17
7436,0
7437,11
7438,8
7439,12
7440,1
7441,15
7442,14
7443,17
7444,12
7445,17
7446,10
7447,14
7448,17
7449,8
7450,1
7451,0
7452,7
7453,7
7454,4
7455,9
7456,13
7457,13
7458,8
7459,8
7460,8
7461,17
7462,4
7463,3
7464,13
7465,13
7466,12
7467,14
7468,1
7469,8
7470,6
7471,7
7472,8
7473,13
7474,10
7475,16
7476,4
7477,8
7478,6
7479,10
7480,15
7481,0
7482,11
7483,13
7484,14
7485,10
7486,12
7487,0
7488,10
7489,15
7490,14
7491,1
7492,9
7493,9
7494,9
7495,7
7496,12
7497,4
7498,16
7499,16
7500,15
7501,10
7502,7
7503,14
7504,13
7505,15
7506,15
7507,2
7508,10
7509,12
7510,17
7511,0
7512,0
7513,10
7514,4
7515,12
7516,3
7517,5
7518,6
7519,4
7520,12
7521,1
7522,4
7523,4
7524,14
7525,9
7526,13
7527,7
7528,6
7529,7
7530,4
7531,11
7532,15
7533,8
7534,8
7535,13
7536,7
7537,12
7538,16
7539,7
7540,4
7541,13
7542,13
7543,10
7544,7
7545,12
7546,12
7547,6
7548,18
7549,8
7550,9
7551,7
7552,7
7553,0
7554,16
7555,17
7556,14
7557,4
7558,18
7559,10
7560,4
7561,10
7562,4
7563,1
7564,9
7565,8
7566,16
7567,15
7568,6
7569,17
7570,13
7571,12
7572,6
7573,8
7574,7
7575,13
7576,11
7577,4
7578,9
7579,14
7580,12
7581,9
7582,1
7583,4
7584,13
7585,10
7586,9
7587,14
7588,13
7589,8
7590,16
7591,12
7592,14
7593,6
7594,8
7595,2
7596,4
7597,12
7598,1
7599,6
7600,1
7601,6
7602,8
7603,14
7604,14
7605,10
7606,11
7607,8
7608,11
7609,13
7610,13
7611,16
7612,6
7613,13
7614,16
7615,16
7616,17
7617,14
7618,4
7619,13
7620,0
7621,14
7622,15
7623,17
7624,18
7625,9
7626,17
7627,11
7628,12
7629,6
7630,17
7631,14
7632,10
7633,14
7634,1
7635,16
7636,14
7637,12
7638,17
7639,8
7640,2
7641,9
7642,12
7643,8
7644,12
7645,13
7646,9
7647,18
7648,12
7649,11
7650,7
7651,14
7652,14
7653,4
7654,0
7655,6
7656,1
7657,18
7658,18
7659,0
7660,6
7661,1
7662,18
7663,17
7664,8
7665,11
7666,0
7667,17
7668,4
7669,14
7670,16
7671,13
7672,8
7673,15
7674,13
7675,4
7676,17
7677,13
7678,13
7679,7
7680,3
7681,8
7682,7
7683,3
7684,14
7685,6
7686,11
7687,7
7688,18
7689,9
7690,13
7691,4
7692,14
7693,4
7694,16
7695,3
7696,12
7697,4
7698,6
7699,13
7700,12
7701,8
7702,9
7703,12
7704,11
7705,13
7706,14
7707,11
7708,1
7709,17
7710,9
7711,12
7712,8
7713,12
7714,0
7715,4
7716,13
7717,16
7718,13
7719,12
7720,6
7721,6
7722,10
7723,5
7724,1
7725,12
7726,8
7727,1
7728,13
7729,12
7730,8
7731,14
7732,0
7733,13
7734,12
7735,3
7736,10
7737,9
7738,7
7739,12
7740,7
7741,14
7742,6
7743,15
7744,1
7745,12
7746,14
7747,14
7748,3
7749,15
7750,15
7751,10
7752,17
7753,11
7754,8
7755,4
7756,12
7757,16
7758,11
7759,6
7760,11
7761,12
7762,4
7763,4
7764,5
7765,14
7766,4
7767,5
7768,6
7769,1
7770,10
7771,14
7772,8
7773,12
7774,16
7775,2
7776,7
7777,8
7778,10
7779,13
7780,14
7781,16
7782,18
7783,4
7784,10
7785,12
7786,13
7787,6
7788,14
7789,12
7790,9
7791,7
7792,1
7793,4
7794,14
7795,18
7796,8
7797,4
7798,1
7799,12
7800,8
7801,7
7802,13
7803,7
7804,6
7805,4
7806,8
7807,2
7808,13
7809,7
7810,13
7811,8
7812,13
7813,16
7814,13
7815,4
7816,10
7817,10
7818,6
7819,12
7820,17
7821,0
7822,7
7823,1
7824,13
7825,15
7826,15
7827,16
7828,16
7829,7
7830,5
7831,10
7832,14
7833,12
7834,11
7835,7
7836,13
7837,12
7838,18
7839,1
7840,12
7841,12
7842,16
7843,1
7844,1
7845,8
7846,1
7847,8
7848,15
7849,14
7850,14
7851,1
7852,8
7853,12
7854,8
7855,6
7856,17
7857,13
7858,12
7859,3
7860,13
7861,14
7862,7
7863,14
7864,10
7865,4
7866,7
7867,4
7868,9
7869,10
7870,12
7871,14
7872,8
7873,14
7874,6
7875,9
7876,9
7877,0
7878,13
7879,14
7880,4
7881,15
7882,17
7883,10
7884,12
7885,13
7886,14
7887,0
7888,13
7889,4
7890,12
7891,16
7892,12
7893,17
7894,8
7895,10
7896,14
7897,13
7898,13
7899,6
7900,16
7901,14
7902,12
7903,7
7904,13
7905,15
7906,10
7907,13
7908,8
7909,10
7910,9
7911,0
7912,1
7913,16
7914,6
7915,4
7916,17
7917,13
7918,11
7919,7
7920,12
7921,0
7922,4
7923,14
7924,13
7925,0
7926,12
7927,7
7928,9
7929,3
7930,12
7931,13
7932,13
7933,3
7934,11
7935,8
7936,0
7937,10
7938,11
7939,17
7940,5
7941,12
7942,5
7943,12
7944,13
7945,7
7946,13
7947,14
7948,16
7949,0
7950,8
7951,17
7952,12
7953,15
7954,8
7955,17
7956,14
7957,16
7958,10
7959,6
7960,15
7961,0
7962,12
7963,10
7964,9
7965,1
7966,14
7967,5
7968,14
7969,7
7970,8
7971,7
7972,7
7973,10
7974,4
7975,6
7976,4
7977,7
7978,7
7979,10
7980,2
7981,17
7982,12
7983,2
7984,15
7985,8
7986,16
7987,3
7988,12
7989,6
7990,7
7991,5
7992,9
7993,12
7994,7
7995,2
7996,6
7997,17
7998,15
7999,7
8000,9
8001,7
8002,12
8003,17
8004,16
8005,11
8006,9
8007,1
8008,9
8009,7
8010,8
8011,18
8012,12
8013,13
8014,6
8015,4
8016,17
8017,10
8018,15
8019,13
8020,14
8021,13
8022,16
8023,1
8024,9
8025,15
8026,10
8027,14
8028,13
8029,12
8030,8
8031,13
8032,5
8033,17
8034,10
8035,17
8036,8
8037,16
8038,4
8039,13
8040,6
8041,1
8042,14
8043,18
8044,1
8045,4
8046,14
8047,10
8048,8
8049,13
8050,15
8051,9
8052,14
8053,8
8054,2
8055,5
8056,8
8057,6
8058,3
8059,7
8060,8
8061,4
8062,4
8063,17
8064,4
8065,1
8066,0
8067,8
8068,8
8069,12
8070,8
8071,15
8072,14
8073,14
8074,0
8075,0
8076,13
8077,14
8078,6
8079,12
8080,4
8081,10
8082,8
8083,0
8084,4
8085,16
8086,1
8087,15
8088,4
8089,1
8090,9
8091,17
8092,17
8093,4
8094,1
8095,14
8096,1
8097,4
8098,0
8099,6
8100,14
8101,1
8102,5
8103,16
8104,4
8105,4
8106,8
8107,12
8108,1
8109,15
8110,6
8111,14
8112,17
8113,0
8114,10
8115,12
8116,8
8117,13
8118,15
8119,14
8120,1
8121,10
8122,15
8123,13
8124,7
8125,14
8126,7
8127,0
8128,15
8129,7
8130,12
8131,17
8132,8
8133,17
8134,3
8135,14
8136,3
8137,14
8138,1
8139,17
8140,12
8141,4
8142,18
8143,6
8144,8
8145,3
8146,13
8147,11
8148,9
8149,1
8150,16
8151,11
8152,4
8153,14
8154,11
8155,8
8156,5
8157,16
8158,10
8159,0
8160,8
8161,14
8162,6
8163,14
8164,15
8165,7
8166,13
8167,10
8168,8
8169,8
8170,17
8171,13
8172,0
8173,4
8174,7
8175,3
8176,0
8177,12
8178,12
8179,8
8180,15
8181,18
8182,1
8183,6
8184,2
8185,2
8186,9
8187,10
8188,12
8189,6
8190,14
8191,0
8192,1
8193,11
8194,7
8195,0
8196,12
8197,14
8198,2
8199,8
8200,11
8201,14
8202,8
8203,15
8204,8
8205,15
8206,7
8207,8
8208,14
8209,14
8210,12
8211,1
8212,7
8213,6
8214,10
8215,10
8216,8
8217,14
8218,5
8219,8
8220,15
8221,17
8222,11
8223,8
8224,13
8225,12
8226,6
8227,6
8228,0
8229,12
8230,7
8231,4
8232,4
8233,8
8234,16
8235,11
8236,14
8237,8
8238,11
8239,12
8240,6
8241,1
8242,13
8243,6
8244,4
8245,10
8246,16
8247,12
8248,11
8249,4
8250,12
8251,16
8252,13
8253,6
8254,10
8255,15
8256,4
8257,6
8258,12
8259,14
8260,4
8261,1
8262,16
8263,8
8264,14
8265,7
8266,13
8267,4
8268,4
8269,1
8270,14
8271,13
8272,13
8273,2
8274,8
8275,8
8276,8
8277,0
8278,1
8279,12
8280,13
8281,10
8282,13
8283,13
8284,15
8285,13
8286,7
8287,17
8288,3
8289,7
8290,8
8291,5
8292,15
8293,10
8294,1
8295,17
8296,4
8297,13
8298,11
8299,16
8300,14
8301,14
8302,1
8303,13
8304,12
8305,11
8306,8
8307,7
8308,4
8309,8
8310,14
8311,12
8312,12
8313,13
8314,8
8315,4
8316,6
8317,10
8318,17
8319,8
8320,11
8321,9
8322,13
8323,12
8324,7
8325,8
8326,7
8327,9
8328,14
8329,13
8330,10
8331,13
8332,2
8333,1
8334,1
8335,10
8336,13
8337,14
8338,12
8339,5
8340,0
8341,11
8342,10
8343,14
8344,8
8345,17
8346,14
8347,4
8348,11
8349,8
8350,7
8351,12
8352,3
8353,1
8354,12
8355,16
8356,7
8357,11
8358,8
8359,13
8360,10
8361,13
8362,8
8363,9
8364,4
8365,14
8366,13
8367,8
8368,14
8369,3
8370,12
8371,13
8372,14
8373,8
8374,14
8375,4
8376,12
8377,13
8378,16
8379,14
8380,18
8381,6
8382,11
8383,16
8384,10
8385,6
8386,13
8387,13
8388,14
8389,1
8390,11
8391,18
8392,0
8393,14
8394,11
8395,14
8396,4
8397,14
8398,8
8399,4
8400,15
8401,17
8402,13
8403,3
8404,14
8405,10
8406,9
8407,18
8408,6
8409,7
8410,11
8411,17
8412,17
8413,14
8414,4
8415,12
8416,4
8417,16
8418,8
8419,7
8420,12
8421,14
8422,14
8423,16
8424,1
8425,7
8426,10
8427,15
8428,17
8429,14
8430,14
8431,7
8432,12
8433,14
8434,14
8435,8
8436,15
8437,10
8438,4
8439,1
8440,15
8441,16
8442,2
8443,10
8444,5
8445,12
8446,18
8447,13
8448,12
8449,7
8450,4
8451,1
8452,7
8453,7
8454,12
8455,18
8456,7
8457,8
8458,13
8459,10
8460,10
8461,18
8462,12
8463,13
8464,6
8465,11
8466,17
8467,17
8468,0
8469,10
8470,9
8471,8
8472,12
8473,4
8474,6
8475,5
8476,16
8477,3
8478,8
8479,1
8480,13
8481,14
8482,12
8483,13
8484,17
8485,14
8486,3
8487,10
8488,12
8489,13
8490,12
8491,1
8492,15
8493,4
8494,13
8495,12
8496,0
8497,12
8498,12
8499,7
8500,14
8501,1
8502,5
8503,14
8504,12
8505,16
8506,14
8507,5
8508,13
8509,6
8510,7
8511,7
8512,8
8513,6
8514,0
8515,13
8516,0
8517,3
8518,12
8519,12
8520,0
8521,13
8522,11
8523,11
8524,0
8525,16
8526,1
8527,14
8528,9
8529,6
8530,1
8531,12
8532,4
8533,8
8534,8
8535,12
8536,8
8537,0
8538,4
8539,17
8540,15
8541,16
8542,9
8543,9
8544,4
8545,13
8546,8
8547,12
8548,12
8549,16
8550,8
8551,10
8552,6
8553,17
8554,13
8555,12
8556,12
8557,14
8558,7
8559,9
8560,14
8561,8
8562,9
8563,4
8564,13
8565,7
8566,8
8567,8
8568,1
8569,4
8570,14
8571,3
8572,7
8573,12
8574,17
8575,16
8576,12
8577,9
8578,4
8579,1
8580,18
8581,13
8582,3
8583,16
8584,1
8585,13
8586,12
8587,0
8588,7
8589,9
8590,11
8591,7
8592,8
8593,16
8594,8
8595,1
8596,10
8597,6
8598,7
8599,13
8600,5
8601,4
8602,15
8603,12
8604,17
8605,17
8606,0
8607,10
8608,14
8609,15
8610,14
8611,15
8612,6
8613,8
8614,13
8615,1
8616,15
8617,7
8618,14
8619,1
8620,7
8621,2
8622,12
8623,8
8624,12
8625,9
8626,7
8627,11
8628,14
8629,17
8630,8
8631,7
8632,15
8633,8
8634,3
8635,14
8636,10
8637,7
8638,15
8639,4
8640,6
8641,10
8642,1
8643,1
8644,9
8645,10
8646,13
8647,13
8648,14
8649,11
8650,2
8651,13
8652,11
8653,4
8654,8
8655,7
8656,8
8657,14
8658,10
8659,12
8660,10
8661,9
8662,8
8663,4
8664,17
8665,10
8666,7
8667,1
8668,9
8669,9
8670,12
8671,14
8672,1
8673,6
8674,14
8675,2
8676,2
8677,12
8678,14
8679,15
8680,13
8681,15
8682,3
8683,7
8684,14
8685,14
8686,7
8687,7
8688,0
8689,8
8690,16
8691,13
8692,13
8693,8
8694,6
8695,7
8696,8
8697,0
8698,4
8699,7
8700,12
8701,7
8702,17
8703,11
8704,6
8705,8
8706,10
8707,7
8708,2
8709,16
8710,1
8711,14
8712,13
8713,12
8714,8
8715,13
8716,7
8717,9
8718,17
8719,4
8720,13
8721,14
8722,18
8723,13
8724,8
8725,4
8726,8
8727,12
8728,6
8729,13
8730,14
8731,11
8732,4
8733,0
8734,13
8735,8
8736,15
8737,6
8738,7
8739,8
8740,14
8741,5
8742,14
8743,12
8744,15
8745,4
8746,14
8747,7
8748,15
8749,1
8750,17
8751,3
8752,3
8753,7
8754,16
8755,1
8756,13
8757,15
8758,0
8759,7
8760,6
8761,13
8762,13
8763,15
8764,6
8765,13
8766,5
8767,15
8768,15
8769,1
8770,16
8771,12
8772,1
8773,16
8774,6
8775,6
8776,8
8777,7
8778,12
8779,8
8780,8
8781,7
8782,14
8783,8
8784,4
8785,13
8786,13
8787,14
8788,4
8789,1
8790,10
8791,8
8792,7
8793,2
8794,11
8795,14
8796,17
8797,8
8798,8
8799,6
8800,4
8801,12
8802,9
8803,4
8804,12
8805,14
8806,7
8807,13
8808,12
8809,2
8810,13
8811,0
8812,7
8813,10
8814,1
8815,4
8816,8
8817,4
8818,16
8819,9
8820,17
8821,10
8822,1
8823,4
8824,14
8825,17
8826,9
8827,12
8828,10
8829,2
8830,1
8831,13
8832,6
8833,18
8834,8
8835,14
8836,16
8837,1
8838,13
8839,18
8840,14
8841,12
8842,14
8843,13
8844,8
8845,9
8846,11
8847,13
8848,0
8849,13
8850,9
8851,9
8852,12
8853,8
8854,1
8855,4
8856,9
8857,8
8858,14
8859,15
8860,16
8861,14
8862,4
8863,8
8864,0
8865,6
8866,4
8867,0
8868,6
8869,17
8870,14
8871,14
8872,7
8873,7
8874,7
8875,1
8876,13
8877,14
8878,14
8879,13
8880,8
8881,0
8882,13
8883,5
8884,10
8885,18
8886,16
8887,0
8888,12
8889,16
8890,0
8891,17
8892,6
8893,4
8894,10
8895,4
8896,8
8897,12
8898,8
8899,14
8900,14
8901,13
8902,11
8903,12
8904,8
8905,6
8906,8
8907,17
8908,8
8909,8
8910,18
8911,0
8912,14
8913,8
8914,19
8915,0
8916,6
8917,4
8918,8
8919,4
8920,10
8921,13
8922,9
8923,10
8924,13
8925,16
8926,14
8927,7
8928,0
8929,9
8930,18
8931,12
8932,16
8933,12
8934,9
8935,12
8936,4
8937,7
8938,14
8939,8
8940,0
8941,13
8942,11
8943,7
8944,6
8945,13
8946,6
8947,12
8948,17
8949,6
8950,14
8951,12
8952,18
8953,13
8954,5
8955,14
8956,10
8957,4
8958,0
8959,7
8960,10
8961,8
8962,12
8963,8
8964,1
8965,8
8966,1
8967,17
8968,4
8969,8
8970,9
8971,9
8972,10
8973,0
8974,9
8975,1
8976,4
8977,15
8978,14
8979,8
8980,4
8981,9
8982,0
8983,11
8984,9
8985,4
8986,12
8987,5
8988,9
8989,1
8990,4
8991,18
8992,10
8993,1
8994,10
8995,12
8996,13
8997,17
8998,6
8999,7
9000,13
9001,8
9002,6
9003,7
9004,9
9005,13
9006,17
9007,9
9008,4
9009,12
9010,8
9011,11
9012,1
9013,14
9014,16
9015,17
9016,11
9017,8
9018,13
9019,12
9020,15
9021,13
9022,8
9023,0
9024,4
9025,6
9026,17
9027,7
9028,6
9029,12
9030,12
9031,6
9032,12
9033,1
9034,4
9035,8
9036,4
9037,4
9038,0
9039,17
9040,18
9041,1
9042,14
9043,7
9044,14
9045,1
9046,7
9047,12
9048,4
9049,10
9050,8
9051,17
9052,18
9053,3
9054,11
9055,6
9056,1
9057,13
9058,15
9059,16
9060,14
9061,5
9062,4
9063,12
9064,16
9065,18
9066,13
9067,3
9068,12
9069,18
9070,10
9071,8
9072,7
9073,8
9074,17
9075,11
9076,16
9077,12
9078,13
9079,6
9080,12
9081,12
9082,6
9083,17
9084,1
9085,18
9086,12
9087,4
9088,9
9089,13
9090,12
9091,6
9092,3
9093,10
9094,8
9095,0
9096,0
9097,4
9098,13
9099,13
9100,15
9101,11
9102,12
9103,8
9104,7
9105,18
9106,10
9107,6
9108,1
9109,4
9110,16
9111,14
9112,17
9113,10
9114,11
9115,9
9116,7
9117,7
9118,4
9119,2
9120,3
9121,11
9122,10
9123,17
9124,13
9125,8
9126,14
9127,8
9128,0
9129,9
9130,13
9131,17
9132,7
9133,12
9134,18
9135,9
9136,10
9137,7
9138,12
9139,16
9140,4
9141,7
9142,13
9143,4
9144,18
9145,12
9146,13
9147,12
9148,12
9149,0
9150,16
9151,7
9152,14
9153,6
9154,7
9155,2
9156,6
9157,4
9158,18
9159,12
9160,4
9161,4
9162,7
9163,12
9164,7
9165,7
9166,7
9167,7
9168,11
9169,13
9170,15
9171,11
9172,14
9173,1
9174,6
9175,14
9176,7
9177,8
9178,4
9179,0
9180,12
9181,8
9182,4
9183,12
9184,8
9185,11
9186,7
9187,14
9188,13
9189,12
9190,4
9191,14
9192,12
9193,8
9194,3
9195,8
9196,6
9197,12
9198,4
9199,13
9200,9
9201,4
9202,6
9203,13
9204,11
9205,11
9206,11
9207,12
9208,18
9209,12
9210,18
9211,4
9212,12
9213,8
9214,14
9215,0
9216,8
9217,16
9218,4
9219,13
9220,4
9221,7
9222,7
9223,8
9224,13
9225,12
9226,14
9227,3
9228,11
9229,12
9230,4
9231,11
9232,12
